id,name,short_description
1,1917,Sam Mendes' World War 1 epic centers around two young soldiers who race to deliver a critical message to their superiors.
2,A Beautiful Day in the Neighborhood,"Tom Hanks portrays Mister Rogers in a timely story of kindness triumphing over cynicism, based on the true story of a real-life friendship between Fred Rogers and journalist Tom Junod. After a jaded magazine writer (Matthew Rhys) is assigned a profile of Fred Rogers, he overcomes his skepticism, learning about empathy, kindness, and decency from America's most beloved neighbor."
3,A Discovery of Witches,Historian Diana Bishop discovers a long-lost bewitched manuscript and is thrown into the heart of a dangerous underworld.
4,A Hidden Life,"Based on real events, A Hidden Life is the story of an unsung hero, Franz Jägerstätter, who refused to fight for the Nazis in World War II. "
5,A Simple Favor,"A Simple Favor, directed by Paul Feig, centers around Stephanie (Anna Kendrick), a mommy blogger who seeks to uncover the truth behind her best friend Emily's (Blake Lively) sudden disappearance from their small town."
6,Abominable,"When teenage Yi (Chloe Bennet) encounters a young Yeti on the roof of her apartment building in Shanghai, she and her mischievous friends, Jin (Tenzing Norgay Trainor) and Peng (Albert Tsai), name him ""Everest"" and embark on an epic quest to reunite the magical creature with his family at the highest point on Earth."
7,Absolute Carnage [2019],"After turning Venom’s world upside down a year ago, the Sinister Symbiote is about to go through hell again ... only this time Carnage has come calling, and everyone who’s ever worn a symbiote is dead in his sights! "
8,After Life,"After his wife Lisa suddenly dies, Tony (Ricky Gervais) changes. He considers taking his own life, but decides instead to live long enough to punish the world by saying and doing whatever he likes from now on"
9,Aggretsuko,"Frustrated with her thankless office job, Retsuko the Red Panda copes with her daily struggles by belting out death metal karaoke after work. "
10,Alien: Blackout,
11,All Elite Wrestling,"Founded by President and CEO Tony Khan, AEW (All Elite Wrestling) is headlined by a diverse roster of world-class male and female professional wrestlers."
12,Analogue Mega Sg,"Explore and re-live SEGA's massively popular video game system with no compromises with the Mega Sg console. Mega Sg plays all of your original Sega Genesis, Mega Drive and Master System games. "
13,Anna And The Apocalypse,"A zombie apocalypse threatens the sleepy town of Little Haven - at Christmas - forcing Anna and her friends to fight, slash and sing their way to survival, facing the undead in a desperate race to reach their loved ones. But they soon discover that no one is safe in this new world, and with civilization falling apart around them, the only people they can truly rely on are each other..."
14,Another Life,"Another Life centers on astronaut Niko Breckinridge (Katee Sackhoff) who is focused on searching for alien intelligence.  She leads a crew on a mission to explore the genesis of an alien artifact.  As Niko and her young crew investigate, they face unimaginable danger on what might very well be a one-way mission."
15,AO Tennis 2,"In AO Tennis 2, the second game in the official Australia Open series, tennis fans can take themselves from the outside courts to centre-stage glory in the all-new narrative-driven career mode. "
16,Apex Legends,"Conquer with character in Apex Legends, a free-to-play Battle Royale shooter where legendary characters with powerful abilities team up to battle for fame and fortune on the fringes of the Frontier. "
17,Asgard’s Wrath,Earn your place among the gods and prove your mettle in this Norse-inspired action adventure. Use your powers to complete Loki’s tests of worthiness by helping preordained Heroes of the Realms fulfill their destinies.
18,Assassin's Creed Odyssey: Legacy of the First Blade -- Episode 1: Hunted,"Continue your odyssey in Assassin's Creed Odyssey: Legacy of the First Blade, a 3-part DLC expansion series. Encounter the legend who first wielded the assassin's Hidden Blade and change the course of history!"
19,Assassin's Creed Odyssey: Legacy of the First Blade -- Episode 2: Shadow Heritage,"Continue your odyssey in Assassin's Creed Odyssey: Legacy of the First Blade, a 3-part DLC expansion series. Encounter the legend who first wielded the assassin's Hidden Blade and change the course of history!"
20,Assassin's Creed Odyssey: Legacy of the First Blade -- Episode 3: Bloodline,"Continue your odyssey in Assassin's Creed Odyssey: Legacy of the First Blade, a 3-part DLC expansion series. Encounter the legend who first wielded the assassin's Hidden Blade and change the course of history!"
21,Astral Chain,"In the action-packed game Astral Chain from PlatinumGames, you are part of a police special forces unit in a multi-cultural futuristic city. Players work together with a special living weapon, the Legion, in a synergetic action system of battle and exploration. "
22,Atlas,
23,Batman & the Outsiders [2019],"Several years ago Batman personally put the Barrera family into hiding after they suffered through terrible experiments at the hands of an organization called the Ark. Now all but one of them has turned up dead...and Batman needs to locate Sofia Barrera before the wrong people get their hands on her—and her surprising power! But it wouldn’t be Batman without a hidden agenda, would it? And when Black Lightning, Katana, the Signal and Orphan find out what Batman is really up to, their every loyalty will be called into question!"
24,Batman vs. Teenage Mutant Ninja Turtles,Batman vs. Teenage Mutant Ninja Turtles finds Gotham City reaching new levels of danger when Shredder joins forces with Ra's al Ghul to enact a nefarious plan – leading to the team-up of the Dark Knight and the Turtles to combat the combined might of the Foot Clan and League of Assassins!
25,Batman: Curse of the White Knight,"Written and drawn by Sean Gordon Murphy, Batman: Curse of the White Knight, is published as part of the mature readers-focused DC Black Label imprint."
26,Batman: Damned,"DC BLACK LABEL, the highly anticipated new imprint from DC Comics, starts here!

<p>The Joker is dead.
 
<p>There is no doubt about that. But whether Batman finally snapped his scrawny neck or some other sinister force in Gotham City did the deed is still a mystery.Problem is, Batman can’t remember…and the more he digs into this labyrinthian case, the more his mind starts to doubt everything he’s uncovering. 

<p>So who better to set him straight than…John Constantine? Problem with that is as much as John loves a good mystery, he loves messing with people’s heads even more. So with John’s “help,” the pair will delve into the sordid underbelly of Gotham as they race toward the mind-blowing truth of who murdered The Joker.

<p>BATMAN: DAMNED is a bimonthly super-natural horror story told by two of comics’ greatest modern creators—a visceral thrill-ride that proudly puts the “black” in BLACK LABEL."
27,Batman: Hush,"Inspired by the seminal DC classic, Batman: Hush centers on a mysterious new villain known only as Hush, who uses a rogues' gallery of villains to destroy Batman’s crime-fighting career as well as Bruce Wayne’s personal life. "
28,Batman: Last Knight on Earth,"Bruce Wayne wakes up in Arkham Asylum. Young. Sane. And...he was never Batman.  So begins this sprawling tale of the Dark Knight as he embarks on a quest through a devastated DC landscape featuring a massive cast of familiar faces from the DC Universe. As he tries to piece together the mystery of his past, he must unravel the cause of this terrible future and track down the unspeakable force that destroyed the world as he knew it…"
29,Batman/Superman [2019 - Current],"Up in the sky, in the dark of the night, trust no one—for the Secret Six walk among us. Spinning out of the devastating events of the Batman Who Laughs, Superman and Batman are together once more in an all-new monthly series—and they’re facing a terrifying new threat that could strike from anywhere. The Dark Knight and the Man of Steel must journey into the depths of Gotham City to learn which of their fellow heroes has been transformed into the horrifying horseman of their most dangerous and deranged foe ever."
30,Batwoman,"Expanding upon her introduction into the ""Arrowverse"", Batwoman is a TV series following crimefighter Kate Kane, better known by her hero alias Batwoman. "
31,Berserker Unbound,"A merciless sword and sorcery warrior finds himself blasted through a wormhole to a modern-day metropolis where he must protect those around him from an evil wizard determined to send him to hell. From the Eisner Award-winning team of Jeff Lemire, Mike Deodato Jr., and Frank Martin comes this urban warrior fantasy series!"
32,Between Two Ferns: The Movie,Zach Galifianakis attempts to restore his reputation in a series of high-profile celebrity interviews.
33,Big Bash Boom,"Developed in collaboration with Cricket Australia, Big Bash Boom is the perfect cricket game for the whole family, mixing all the big hitting thrills of T20 cricket with instantly accessible arcade action. "
34,Bird Box,"Sandra Bullock, John Malkovich, and Sarah Paulson star in this thriller from Susanne Bier."
35,Black Christmas,A modern take on the 1974 horror classic arrives from director Sophia Takal just in time for Friday the 13th of December.
36,Black Mirror: Bandersnatch,Black Mirror: Bandersnatch is an interactive movie based on the hit anthology series.
37,Black Summer,Black Summer followers survivors of a cataclysmic event who contend with zombies -- and each other -- to reach a military evacuation site.
38,Blair Witch,"Your darkest fears will awaken in these woods. Experience first-hand the toll that fear can take on the mind in a first-person, story-driven psychological horror game featuring an original story inspired by the cinematic lore of Blair Witch. "
39,Bodyguard,"Set in and around the corridors of power, Bodyguard tells the fictional story of David Budd (Richard Madden), a heroic, but volatile war veteran now working as a Specialist Protection Officer for the Royalty and Specialist Branch (RasP) of London’s Metropolitan Police Service. When he is assigned to protect the ambitious and powerful Home Secretary Julia Montague (Keeley Hawes), Budd finds himself torn between his duty and his beliefs. Responsible for her safety, could he become her biggest threat?"
40,Bombshell,Women take on Fox News boss Roger Ailes and the culture he presided over.
41,Boneworks,"Boneworks Is a narrative VR action adventure using advanced experimental physics mechanics. Dynamically navigate through environments, engage in physics heavy combat, and creatively approach puzzles with physics. "
42,Books of Magic [2018],"Timothy Hunter may be destined to become the most powerful magician in the universe, but he's still a London teenager and having magical abilities complicates things more than it helps. It's not like he can use magic to pass his exams, stop being bullied, or convince his cute friend to date him. And while Tim's trying to live his life, there are cultists who want to kill him, believing his power will eventually corrupt him, and turn him into a merciless mage. Oh, and those are the good guys."
43,Booksmart,"Booksmart is an unfiltered comedy about high school best friends and the bonds we create that last a lifetime. Capturing the spirit of our times, the film is a coming of age story for a new generation."
44,Borderlands 2: Commander Lilith and The Fight For Sanctuary,"Expect to romp through Borderlands 2 one more time in the rumored final DLC add-on expansion, Commander Lilith and The Fight For Sanctuary. "
45,Borderlands 3: Moxxi’s Heist of The Handsome Jackpot,"In the first DLC campaign for Borderlands 3, Moxxi is recruiting you to seize control of a derelict space station built by the infamous Handsome Jack back when he was still president of the Hyperion corporation. "
46,Briarpatch,"Based on the book by Ross Thomas, Briarpatch follows Allegra Dill, an investigator returning to her border-town Texas home after her sister is killed by a car bomb.  As she seeks answers, Dill stumbles across widespread corruption in her beloved hometown."
47,Brightburn,"What if a child from another world crash-landed on Earth, but instead of becoming a hero to mankind, he proved to be something far more sinister?"
48,Buffy the Vampire Slayer [BOOM! Studios],"This Buffy the Vampire Slayer comic marks a new start for the series under BOOM! Studios, after several years of comics based on the TV series by Dark Horse. "
49,Cadence of Hyrule,Cadence of Hyrule combines the worlds of Nintendo's historic The Legend of Zelda franchise and the musical rougelike dungeon exploration/rhythm game Crypt of the NecroDancer.
50,Call of Duty: Mobile,"Take the heart-pounding, adrenaline-fueled action of Call of Duty with you wherever you go with Call of Duty: Mobile. Play your way across multiple game modes as you engage in head-to-head battle through fan-favorite Call of Duty maps like Nuketown and Crash, all optimized for mobile combat. "
51,Call of Duty: Modern Warfare,"Developed by Infinity Ward, Call of Duty: Modern Warfare puts you in the role of highly-skilled Tier One operators in an incredibly raw and gritty narrative affecting the global balance of power. "
52,Cam,"Cam is a technology-driven psychological thriller set in the world of webcam porn. It follows Alice, an ambitious camgirl, who wakes up one day to discover she’s been replaced on her show with an exact replica of herself. "
53,Captain Marvel [2019],"As Captain Marvel, Carol Danvers has spent months in space protecting Earth from alien threats big and small, but now it’s time for Earth’s mightiest hero to come home. New York City has never looked so good. But every re-entry comes with the unexpected, and Carol is about to hit a whole lot of unexpected. It’s a fresh start and an oversized, star-studded welcome home for a hero who’s been punching the glass ceiling since the 1970s — and just in time for the first female-led film from Marvel Studios! The next 50 years of Captain Marvel starts here!"
54,Captive State,"Set in a Chicago neighborhood nearly a decade after an occupation by an extra-terrestrial force, the film explores the lives on both sides of the conflict – the collaborators and dissidents."
55,Castlevania Anniversary Collection,The Castlevania Anniversary Collection is designed to be a complete collection around the origins of the historic franchise.
56,Cats,"Featuring Lloyd Webber's iconic music and a world-class cast of dancers under the guidance of Tony-winning choreographer Andy Blankenbuehler (Hamilton, In the Heights), the film reimagines the musicalfor a new generation with spectacular production design, state-of-the-art technology, and dance styles ranging from ballet to contemporary, hip-hop to jazz, street to tap."
57,Chernobyl,"Chernobyl dramatizes the 1986 nuclear accident, one of the worst human-made catastrophes in history, and tells the story of the brave men and women who made incredible sacrifices to save Europe from unimaginable disaster, all the while battling a culture of disinformation."
58,Close to the Sun,"Close to the Sun casts players back to the late 1890s, charging them with boarding a mysterious ship complex created by Nikola Tesla to bring the greatest minds of the world together in an alternative version of history. "
59,Cold Pursuit,"Liam Neeson stars as Nels Coxman, a family man whose quiet life with his wife (Laura Dern) is upended following the mysterious death of their son."
60,Color Out of Space,"After a meteorite lands in the front yard of their farmstead, Nathan Gardner (Nicolas Cage) battles a mutant extraterrestrial organism."
61,Conan the Barbarian [2019],"Witness the magic and mayhem of Conan in this revival of the legendary sword-slashing hero's saga. Leading the famed barbarian into his new adventures are writer Jason Aaron and artist Mahmud Asrar, alongside cover artist Esad Ribic and colorist Matt Wilson. "
62,Condor,The series follows a young CIA analyst who stumbles onto a terrible but brilliant plan that threatens the lives of millions.
63,Contra Rogue Corps,"Contra Rogue Corps is an over the top run-and-gun game with fast paced, ultra-violent combat. "
64,Conversations with a Killer: The Ted Bundy Tapes,"On the 30th anniversary of his Florida execution, Conversations with a Killer: The Ted Bundy Tapes brings the infamously twisted mind of serial killer Ted Bundy into the light."
65,Cover,"Years in the making, from the award-winning team of Brian Michael Bendis and multimedia sensation David Mack, comes a brand-new graphic novel experience. And it’s all kind of based on a true story. Sort of…

<p>Deep in the American intelligence community, someone realizes that comic book creators, who travel all over the world to sell their wares, might make the perfect cover for operatives in the dangerous, topsy-turvy world of intelligence and counterintelligence…and that’s when all hell breaks loose. This is the story of the time the world of comics and the world of international spywork smashed together—with unexpected results! 

<p>Artist David Mack, follows his Emmy nominated work on Jessica Jones, and his critically acclaimed video work for Dashboard Confessionals and Amanda Palmer, brings another completely unique vision to this driving comedic spy story that is also a beautiful Valentine to all those creators who sit alone and make beautiful stories. "
66,Crash Team Racing Nitro-Fueled,"Crash is back again, and this time he’s revved up to the max in Crash Team Racing Nitro-Fueled, an authentic Crash Team Racing experience that’s been remastered in stunning HD and so much more! "
67,Creepshow: The Series,"Creepshow is a horror anthology series based on the classic horror comic book series, which also spawned a feature film series. "
68,Cricket 19 -- The Official Game of the Ashes,"Building on the fan-favourite Ashes Cricket, Cricket 19 -- The Official Game of the Ashes features all formats of the international game, both men’s and women’s teams, and all host venues. "
69,Criminal,"Criminal is a police procedural with a unique premise: it takes place exclusively within the confines of a police interview suite. This stripped down, cat-and-mouse drama will focus on the intense mental conflict between the police officer and the suspect in question."
70,Daredevil [2019],"KNOW FEAR. Featuring action-packed extras including a Cover Gallery, Script, Inked And Color Pages and Character Designs!"
71,Darksiders Genesis,"In the top-down action-RPG Darksiders Genesis, the fourth Horseman of the Apocalypse Strife is called upon to save humankind from certain destruction at the hands of Lucifer. "
72,Dawn of X: Excalibur,"Mutantkind has always been special…as has their relationship with the worl -- or WORLDS -- around them. As this new era dawns, a new connection forms between mutants and the magic of the world… and that of Otherworld! Can the new Captain Britain forge a new way through the chaos with her companions Rogue, Gambit, Jubilee, Rictor…and Apocalypse?!? "
73,Dawn of X: Fallen Angels,"Psylocke finds herself in this new world of Mutantkind unsure of her place in it… but when a face from her past returns only to be killed, she seeks help from others who feel similar to get vengeance. Cable and X-23 join Kwannon for a personal mission that could jeopardize all Mutantkind! "
74,Dawn of X: New Mutants,"The classic New Mutants (Sunspot, Wolfsbane, Mirage, Karma, Magik, and Cypher) get together with a few new friends (Chamber, Mondo) to seek out their missing member and share the good news… a mission that takes them into space alongside the Starjammers! "
75,Dawn of X: The Marauders,"Even in this glorious new dawn, Mutantkind faces hardships and oppression from their human counterparts. Led by Captain Kate Pryde and funded by Emma Frost and the Hellfire Trading Company, Marauders Storm, Pyro, Bishop and Iceman sail the seas of the world to protect those hated and feared! "
76,Dawn of X: X-Force,"X-Force is the CIA of the mutant world—one half intelligence branch, one half special ops. Beast, Jean Grey and Sage on one side, Wolverine, Kid Omega and Domino on the other. In a perfect world, there would be no need for an X-Force. We’re not there… yet."
77,Daybreak,"This TV adaptation of Brian Ralph's graphic novel centers around a high school outcase named Josh who's searching for his missing girlfriend, Sam, in a post-apocalyptic Glendale, California.  Josh and his friends have to fight off hordes of zombie-like creatures called Ghoulies if they have any intention of staying alive finding Sam."
78,DCeased,"DCeased is a horror tale set in a catastrophic alternate universe version of the DC universe. In it, Batman must deal with the pandemic unleashed when Darkseid deploys a techno-organic virus that infects the world’s networks and spreads to humanity, making them raging, mindless marauders. "
79,Deadly Class,"Set in a dark, comic book world against the backdrop of late 80s counter culture, Deadly Class follows a homeless teen recruited into a storied elite private school where the world's top crime families send their next generations."
80,Deadpool [2019 - Current],"Deadpool’s newest mercenary job has him going after the King of Monsters, who has claimed a new kingdom for his monstrous subjects…on Staten Island! But you know what they say, when you come at the king, you better not miss! The Merc with a Mouth finds himself neck deep in political intrigue, monster law, and a monster hunter out for blood! It’s like The Crown but with even more swords and monsters! Can Deadpool’s smooth charisma and deft diplomacy allow him to keep his head, or will he be royally screwed?"
81,Destiny 2 -- Forsaken: Black Armory,
82,Destiny 2: Shadowkeep,"Destiny 2: Shadowkeep, a new chapter for Destiny 2, reunites you with an old ally to confront new nightmares. This explansion adds new missions & quests,  a new dungeon, new weapons and gear to earn, an all-new raid, and more. "
83,Devotion,"Red Candle Games, the creators of Detention, brings you a story Inspired by East Asian folk culture. Explore as a 1980s Taiwan apartment-complex lost in time gradually shift into a hellish nightmare. "
84,Diablero,"The eternal fight between good and evil among devils and angels in the colorful streets of Mexico will open the door to a fantasy world never seen before, where anything can happen."
85,Dickinson,"Dickinson explores the constraints of society, gender, and family from the perspective of a rebellious young poet, Emily Dickinson. "
86,Dirt Rally 2.0,DiRT Rally 2.0 is the follow up to the incredible racing game that puts players in control of a collection of the most iconic rally cars against the most challenging stages around the world.
87,Doctor Doom,"Victor Von Doom – scientist, sorcerer, disfigured face, twisted soul – has been spending much of his time warning against a trilliondollar global effort to create the first “artificial” black hole. Wrestling with visions of an entirely different life…a better future…DOCTOR DOOM finds himself at a crossroads. (what is he questioning?) A catastrophic act of terrorism kills thousands, and the prime suspect is… DOOM? Victor will have to push his unexplained thoughts aside and focus on remaining alive as the title of “Most Wanted Man” is thrust upon him….Left with no homeland, no armies, no allies, indeed, nothing at all, will the reign of Doctor Doom come to an abrupt halt?"
88,Dogs,"An elegant, engaging and cinematic verite documentary series celebrating the deep emotional bonds between people and their beloved four-legged best friends. The series tracks six incredible stories from across the globe including Syria, Japan, Costa Rica, Italy and the US—each proving that the unconditional love one feels for their dog is a beautiful universal truth. "
89,Dolemite Is My Name,"When Hollywood shuts him out, multi-talented Rudy Ray Moore (Eddie Murphy) strikes out on his own."
90,Doom Patrol,"Doom Patrol is a re-imagining of one of DC’s most beloved group of outcast Super Heroes: Robotman, Negative Man, Elasti-Girl and Crazy Jane, led by modern-day mad scientist Dr. Niles Caulder (The Chief)."
91,Doraemon: Story of Seasons,"Everyone's favorite robotic cat from the 22nd Century is here in Doraemon Story of Seasons, a cross-over between the world of the classic manga/anime series and the idyllic Story of Seasons gaming franchise! "
92,Dracula [2020],The Count Dracula legend transforms with new tales that flesh out the vampire's gory crimes -- and bring his vulnerability into the light.
93,Dragon Ball Z: Kakarot,"Determination, Despair, and Hope -- Discover the story of the mysterious Dragon Balls in Dragon Ball Z: Kakarot! "
94,Earthquake Bird,"Earthquake Bird follows Lucy Fly, an enigmatic ex-pat haunted by a painful past, who enters into an intense relationship with a handsome yet similarly troubled local photographer."
95,Edge of Spider-Geddon,"Spider-Punk is back and better than ever. After SPIDER-VERSE, Hobie Brown was a Web Warrior, but that didn’t mean things back in his universe were solved. The writer of the SPIDER-PUNK story in SPIDER-VERSE is back and joined by VENOM’S Gerardo Sandoval! Spider-Punk’s Earth is under attack both on the ground and from space, meaning his responsibility seems to outweigh his power. Don’t miss this first shot of the SPIDER-EVENT of 2018!"
96,El Camino: A Breaking Bad Movie,"El Camino: A Breaking Bad Movie reunites fans with Jesse Pinkman. In the wake of his dramatic escape from captivity, Jesse must come to terms with his past in order to forge some kind of future. "
97,Eli,"With his desperate parents in tow, an 11-year-old boy with a debilitating illness checks into an isolated clinic to undergo experimental therapy. "
98,Elite,"When three working-class teens enroll in an exclusive private school in Spain, the clash between them and the wealthy students leads to murder."
99,Emergence,Emergence centers around a sheriff who takes in a young child that she finds near the site of a mysterious accident who has no memory of what has happened.  Allison Tolman stars.
100,Encore!,"Executive producer Kristen Bell brings together former castmates of a high school musical, tasking them with re-creating their original performance in high school reunion like no other. Emotions run high as the former students face faded friendships, former flames, self-doubt, and killer choreography. Through it all, these unlikely groups of friends—with the help of Broadway’s best—just might pull off a standing-ovation-worthy performance of beloved musicals like ""The Sound of Music,"" ""Beauty and the Beast,"" ""Annie"" and more."
101,Event Leviathan,The groundbreaking and always-inventive team of writer Brian Michael Bendis and artist Alex Maleev reunite on a mystery thriller that stretches across the DC Universe and touches every character from Batman to Superman to the Question to Talia al Ghul.
102,Evil,"EVIL is a psychological mystery that examines science vs. religion and the origins of evil. The series focuses on a skeptical female forensic psychologist who joins a priest-in-training and a carpenter to investigate and assess the Church’s backlog of supposed miracles, demonic possessions and unexplained phenomena."
103,F1 2019,"The official videogame of the 2019 FIA Formula One World Championship, F1 2019 is the most ambitious release in the franchise history, building on the success of previous iterations to deliver an experience that rivals the quality and production values of the real-life sport. "
104,Fantastic Four [2018 - Current],"Since the end of SECRET WARS, there’s been a gap in the Marvel Universe. A void no other team can fill. And it’s time for the world to move on. But can it? A life-changing decision by the Thing! A momentous declaration by the Human Torch! A clarion call-to-arms that summons Doctor Doom! And a signal in the sky that heralds the return of hope to the Marvel Universe! All this, and Alicia Masters adopts kittens! So cute! Plus, the Impossible Man!"
105,Far Cry: New Dawn,"Set in a breathtaking post-apocalyptic world seventeen years after a global nuclear catastrophe, Far Cry New Dawn brings players into a wildly beautiful and radically transformed Hope County, Montana. "
106,Far Sector,"N.K. Jemisin, the acclaimed, award-winning author of The Broken Earth and Inheritance science fiction trilogies, makes her comic book debut with bestselling Naomi artist Jamal Campbell as they thrust you into a stunning sci-fi murder mystery on the other side of the universe!

<p>For the past six months, newly chosen Green Lantern Sojourner ""Jo"" Mullein has been protecting the City Enduring, a massive metropolis of 20 billion people. The city has maintained peace for over 500 years by stripping its citizens of their ability to feel. As a result, violent crime is virtually unheard of, and murder is nonexistent.  That’s all about to change in this new maxiseries that gives a DC Young Animal spin to the legacy of the Green Lanterns!"
107,FIFA 20,"Powered by Frostbite, EA Sports FIFA 20 brings two sides of The World’s Game to life -- the prestige of the professional stage and an all-new authentic street football experience in EA Sports Volta. "
108,FIFA 20: Legacy Edition,"The beautiful game returns in the 2020 edition of EA Sports' footie franchise. FIFA 20: Legacy Edition features the latest kits, clubs, and squads from some of top leagues around the world. "
109,Final Fantasy XIV Online: Shadowbringers,Final Fantasy XIV Online: Shadowbringers is an expansion pack to the epic MMORPG Final Fantasy XIV Online: A Realm Reborn.
110,Final Space,An inept astronaut named Gary Goodspeed works with a growing cast of shipmates to save the universe from a powerful telekinetic creature known as the Lord Commander.
111,Firefly: The Comic Book Series,"From Joss Whedon, buried histories and secret identities are revealed, along with all the heist-takin', authority-dodgin', death-defyin' space-cowboyin' you've been missing from your life, as this ragtag crew of mercenaries, outlaws, and fugitives travel the stars in search of their next adventure in these sequels to the hit Firefly television series and Serenity film."
112,Football Manager 2020,"Manage your club, your way -- every decision counts in Football Manager 2020. New features reward planning and progression, empowering managers to develop their prospects like never before. "
113,For All Mankind,"Told through the lives of astronauts, engineers and their families, ""For All Mankind"" imagines a world in which the global space race never ended and the space program remained the cultural centerpiece of America's hopes and dreams."
114,Forky Asks a Question,"Forky, in Disney and Pixar’s “Toy Story 4,” is a craft project created from trash, has important questions about how the world works, such as: What is love? What is time? And of course, the deepest question of all, What is cheese? He explores all of these questions and more in a collection of 10 shorts."
115,Forza Horizon 4: Fortune Island,"Seek your fortune in the most treacherous Horizon expansion yet, where you will conquer extreme terrain, lightning storms, and perilous roads in search of hidden treasure. "
116,Forza Horizon 4: LEGO Speed Champions,
117,Framing John DeLorean,"Money, power, politics, drugs, scandal, and fast cars. The incredible story of John DeLorean is the stuff of a Hollywood screenwriter’s dreams. But who was the real John DeLorean? To some, he was a renegade visionary who revolutionized the automobile industry. To others, he was the ultimate con man. For the first time, FRAMING JOHN DELOREAN recounts the extraordinary life and legend of the controversial automaker, tracing his meteoric rise through the ranks of General Motors, his obsessive quest to build a sports car that would conquer the world, and his shocking fall from grace on charges of cocaine trafficking. Interweaving a treasure trove of archival footage with dramatic vignettes starring Alec Baldwin as DeLorean, directors Sheena M. Joyce and Don Argott (The Art of the Steal) show a gripping look at a man who gambled everything in his pursuit of the American Dream."
118,Friendly Neighborhood Spider-Man [2019],"Spider-Man is the worst neighbor EVER! There are always crazy villains and property damage and drama and…and he CATCHES the villains. And he tries to fix the damage and he helps carry your groceries and actually that property damage keeps the rents down. You know what? Spider-Man is the best neighbor ever and this book will give you a closer look at Spider-Man’s (and Peter Parker’s) neighborhood than any book ever. Also, it wouldn’t be a Spider-Man adventure without a threat that could destroy not only Spider-Man, but all his neighbors."
119,FYRE: The Greatest Party That Never Happened,"An exclusive behind the scenes look at the infamous unraveling of the Fyre music festival. Created by Billy McFarland and rapper Ja Rule, Fyre was promoted as a luxury music festival on a private island in the Bahamas featuring bikini-clad supermodels, A-List musical performances and posh amenities. Guests arrived to discover the reality was far from the promises."
120,G.I. Joe [2019],Cobra is in control and is brainwashing indivisuals into committing acts of espionage and sabotage.
121,Ghostbusters: The Video Game Remastered,"The real Ghostbusters return in this videogame sequel to the Ghostbusters movies. Stars Harold Ramis, Dan Aykroyd, Ernie Hudson and Bill Murray reprise their roles as the proton-pack-wielding heroes."
122,Ghoul,"When a new prisoner at a military detention center exhibits eerie behavior, a young interrogator’s search for the truth becomes a battle for survival. "
123,Go Go Power Rangers: Forever Rangers,"The untold, personal story of what happens to Jason, Kim, Trini, Zack, and Billy following in the days after they first became Power Rangers. Fighting evil is hard, but surviving high school may be even harder—welcome to real life in Angel Grove."
124,Granblue Fantasy Versus,"In the fighting game Granblue Fantasy: Versus, power, skill, and spirit collide in a quest to find the true champion of the ring. "
125,Green Book,A working-class Italian-American bouncer becomes the driver of an African-American classical pianist on a tour of venues through the 1960s American South.
126,Grid,"The fourth game in the popular racing series, Grid delivers intense wheel-to-wheel racing action, spanning four continents in some of the world’s most famous city streets and race circuits. "
127,Guardians of the Galaxy [2020],"Once, they were a team of misfits. Now they’re a family, and they’ve earned their peace. But the universe is not a peaceful place -- and it’s only getting worse. The Great Empires are in turmoil. The rule of law is dead. And amidst the chaos, the Gods of Olympus have returned -- harbingers of a new age of war, reborn to burn their mark on the stars themselves. Someone has to guard the galaxy - but who will accept the mission? And will they survive it? Al Ewing and Juann Cabal bring you in on the ground floor of a whole Marvel Universe of action and suspense!"
128,Guns Akimbo,Guns Akimbo watches a nerdy video game developer (Daniel Radcliffe) become the next contestant in an illegal live-streamed death match.
129,Hades,Defy the god of death as you hack and slash your way out of the Underworld in this rogue-like dungeon crawler from the creators of Bastion and Transistor.
130,Hanna,"Raised in total seclusion in the remote woods of Eastern Europe, Hanna (Esme Creed-Miles) has spent her entire young life training to fight those who hunt her and her mercenary father, Erik Heller (Joel Kinnaman)"
131,Harriet,Harriet tells the extraordinary tale of Harriet Tubman's escape from slavery and transformation into one of America’s greatest heroes.
132,Heroes in Crisis,"There’s a new kind of crisis threatening the heroes of the DC Universe, ripped from real-world headlines by C.I.A.-operative-turned-comics-writer Tom King: How does a superhero handle PTSD? Welcome to Sanctuary, an ultra-secret hospital for superheroes who’ve been traumatized by crime-fighting and cosmic combat. But something goes inexplicably wrong when many patients wind up dead, with two well-known operators as the prime suspects: Harley Quinn and Booster Gold!  It’s up to the DC Trinity of Superman, Wonder Woman and Batman to investigate—but can they get the job done in the face of overwhelming opposition?"
133,High Fidelity: The Series,"High Fidelity is a comedy series based on the Nick Hornby novel, which also spawned a hit movie in 2000. "
134,Honey Boy,A child actor works to mend the relationship with his hard-drinking father.
135,House of X,"In House of X, Charles Xavier reveals his master plan for mutantkind … one that will bring mutants out of the shadow of mankind and into the light once more. "
136,Hustlers,Hustlers follows a crew of savvy former strip club employees who band together to turn the tables on their Wall Street clients.
137,I Am Mother,"After Earth's human population is depleted, a robot named Mother begins her job of repopulating the earth with humans born from test-tube embryos."
138,I Lost My Body,"A cut-off hand escapes from a dissection lab with one crucial goal: to get back to its body. As it scrambles through the pitfalls of Paris, it remembers its life with the young man it was once attached to… until they met Gabrielle."
139,If Beale Street Could Talk,"Set in early-1970s Harlem, If Beale Street Could Talk is a timeless and moving love story of both a couple's unbreakable bond and the African-American family's empowering embrace, as told through the eyes of 19-year-old Tish Rivers (KiKi Layne). A daughter and wife-to-be, Tish vividly recalls the passion, respect and trust that have connected her and her artist fiancé Alonzo Hunt, who goes by the nickname Fonny (Stephan James). Friends since childhood, the devoted couple dream of a future together but their plans are derailed when Fonny is arrested for a crime he did not commit."
140,In the Shadow of the Moon [2019],"In the Shadow of the Moon is a genre-blending psychological thriller that examines the power of time, and how its passing can either bring us together or tear us apart. "
141,Instant Family,A couple find themselves in over their heads when they adopt three children.  Mark Wahlberg and Rose Byrne star.
142,Invisible Woman [2019],"Fresh from the pages of FANTASTIC FOUR, for the first time Susan Storm-Richards stars in her own limited series – and the secrets about her past revealed therein will shake readers’ perceptions of the Invisible Woman forevermore! Years ago, she undertook an espionage mission for S.H.I.E.L.D. – and now it’s up to her to save her former partner from death at the hands of international terrorists!"
143,Ironheart,"Ironheart focuses on Riri Williams, a female teenager with genius-level intellect.  She rose to fame for her work creating her own Iron-Man-like costume she made from materials she stole from MIT."
144,John Wick Hex,"John Wick Hex is a fast-paced, action-oriented strategy game that makes you think and strike like professional hitman John Wick. Choose every action and attack you make while considering their immediate cost and consequences. "
145,Joker: Killer Smile,"In Joker: Killer Smile, the Joker, one of DC's darkest and most terrifying characters, unleashes his madness upon a new adversary, the very doctor tasked with treating him.  As he gets his hooks deeper and deeper into the mind of his prey, Joker sets off a chain reaction of mayhem that threatens to not only tear down Gotham City, but the soul of the good doctor.  The comic comes from writer Jeff Lemire and artist Andrea Sorrentino."
146,Jonathan Helpert's IO,"Sam (Margaret Qualley), one of the last survivors on a post-cataclysmic Earth, is a young scientist dedicated to finding a way for humans to adapt and survive, rather than abandon their world. "
147,Journey to the Savage Planet,Journey to the Savage Planet is an upbeat first-person adventure game set in a colorful alien world.
148,Just Mercy,Just Mercy shadows world-renowned civil rights defense attorney Bryan Stevenson as he recounts his experiences and details the case of a condemned death row prisoner whom he fought to free.
149,Justice League / Aquaman: Drowned Earth,Justice League / Aquaman: Drowned Earth kicks off the Drowned Earth saga (which crosses over between issues of Justice League and Aquaman.)
150,Justice League vs. The Fatal Five,Justice League vs. The Fatal Five finds the fate of the earth hanging in the balance when the Justice League faces a powerful new threat — the Fatal Five!
151,Katy Keene,"Centered around the budding fashionista in New York City, Katy Keene is a spin-off of the hit show Riverdale. "
152,Kin,"Starring James Franco, Jack Reynor and Myles Truitt, Kin is the story of an unexpected hero destined for greatness. "
153,King Thor [2019],"The creators of the legendary THOR: GOD OF THUNDER series that kicked off one of the most epic runs in Marvel history are back together for one last ride with the almighty Lord of Asgard! Seven years ago, Jason and Esad introduced the Thor of the far future, All-Father of a broken realm and a dying universe, as he stood in battle against the Butcher of Gods, wielder of All-Black the Necrosword. Now that nefarious blade has returned, in the hands of Thor’s all-time greatest enemy –  his brother, Loki –  for one final, cataclysmic showdown. Behold the book no comics fan should miss –  the celebration of the end of a truly Marvelous era."
154,Kingdom Hearts III Re Mind,"Telling the the ""other tale"" that unfolded during the climax of KH III, Kingdom Hearts III Re Mind is a major downloadable content add-on for the hit game Kingdom Hearts III. "
155,Klaus,"When a selfish young postman is assigned to a remote Scandinavian town, his unlikely friendship with a reclusive toymaker leads to the origin story of Santa Claus. "
156,Knives Out,Daniel Craig stars as a detective in this murder mystery from Rian Johnson.
157,Last Christmas,"A young woman's life begins to take a turn for the better after a chance encounter with a handsome, young man."
158,Layers of Fear 2,"In the horror game sequel Layers of Fear 2, you must explore the world around you. Discover your past, and expose the reason for your having been cast for this film. "
159,Legacies,Legacies is a spin-off of The Originals that tells the story of the next generation of supernatural beings at The Salvatore School for the Young and Gifted.
160,Legion of Super-Heroes [2019],"Welcome to the 31st century! Inspired by the acts of and lessons learned from the greatest heroes of all time, the Legion of Super-Heroes have gathered together to stop a galaxy from repeating its past mistakes. The greatest lineup of heroes in comic book history returns with new, fresh, and reader-friendly stories!"
161,Like Father,"When a workaholic executive (Kristen Bell), is left at the altar, she ends up on her Caribbean honeymoon cruise with her estranged and equally workaholic father (Kelsey Grammer)."
162,Limetown,
163,Lincoln Rhyme: Hunt for the Bone Collector,A retired NYPD detective teams up with an ambitious young detective to help capture some of the most dangerous criminals in America.
164,Little Women [2019],Four sisters come of age in America in the aftermath of the Civil War.  Emma Watson stars.
165,Livewire,"Accomplice. Mentor. Savior. And now, Enemy of the State. Seeking to protect other vulnerable super-powered psiots like herself, Livewire plunged the United States into a nationwide blackout with her technopathic abilities, causing untold devastation. After choosing the few over the many, she must now outrun the government she served – and those she once called allies. With the whole world hunting her, what kind of hero will Livewire be…or will she be one at all? 
<p>
From rising star Vita Ayala and astounding artists Raúl Allén and Patricia Martín comes an electrifying new series that will launch the Valiant Universe into a new age of champions! "
166,Living With Yourself,"Created and written by Timothy Greenberg, Living With Yourself is a philosophical comedy that asks: do we really want to be better? It stars Paul Rudd as a man struggling with his life who undergoes a novel treatment to become a better person, and finds he is his own worst enemy."
167,Lois Lane [2019],"On the road and out of Metropolis - and carrying a secret that could disrupt Superman's life - Lois Lane embarks on a harrowing journey to uncover a threat to her husband and a plot that reaches the highest levels of international power brokers and world leaders. Critically acclaimed and best-selling author Greg Rucka and master storyteller Mike Perkins team up for a tale of conspiracy, intrigue and murder that pushes even Lois to her limits."
168,"Love, Death and Robots","Love, Death & Robots is a collection of animated short stories that span the science fiction, fantasy, horror and comedy genres. With a bold approach to each story’s narrative, episodes are intended to be easy to watch and hard to forget."
169,Lucy in the Sky,"In Lucy in the Sky, Natalie Portman plays Lucy Cola, a strong woman whose determination and drive as an astronaut take her to space, where she’s deeply moved by the transcendent experience of seeing her life from afar. "
170,Lupin III: The First,"Lupin III works with a woman to steal the Bresson Diary, a legendary treasure."
171,Ma,Everybody’s welcome at Ma’s. But good luck getting home safe ... Ma is a thriller anchored by a daring and unexpected performance from Oscar winner Octavia Spencer.
172,Madden NFL 20,
173,Made in Abyss: Journey's Dawn,"In Made in Abyss: Journey's Dawn, the movie based on the hit anime series, Riko and her plucky band of friends dream of one day becoming Cave Raiders. "
174,Malevolent,"A brother-sister team who fake paranormal encounters for cash get more than they bargained for when a job at a haunted estate turns very, very real."
175,Man Without Fear [2019],"Daredevil is gone, but Hell’s Kitchen is still a place of heroes and villains. Foggy Nelson will learn what it means to live in a world without a Daredevil. And without a Daredevil to protect it, has hell come for his city? Who is The Man Without Fear?!"
176,Manifest,"Manifest explores the impact of a mysterious plane's disappearance and reappearance.  For the passengers, no time has gone by.  For those outside, five years has transpired."
177,Mario & Sonic at the Olympic Games Tokyo 2020,"Join Mario, Sonic and friends for their greatest adventure yet at the Olympic Games Tokyo 2020! Go for gold as you compete in action-packed sports games, including four brand new events to Tokyo 2020. "
178,Marriage Story,Marriage Story is an incisive and compassionate portrait of a marriage breaking up and a family staying together.
179,Marvel Hero Project,"Marvel Hero Project reveals the remarkable, positive change several young heroes are making in their own communities. These young heroes have dedicated their lives to selfless acts of bravery and kindness, and now, Marvel celebrates them as the true Super Heroes they are."
180,Marvel Knights: 20th,"In celebration of the legendary imprint founded by Marvel’s CCO Joe Quesada, a new crop of talent stands poised to tell a groundbreaking story across the Marvel Universe! In the cemetery, the blind man does not know who he is, or why he has come to this particular grave at this moment. He doesn’t know the burly police officer with the wild story who has approached him. Or the strangely intense man who sits in the rear seat of the patrol car, his eyes flashing green. But all of that is about to change."
181,Marvel Rising: Initiation,"Marvel Rising: Initiation consists of six 4-minute digital shorts that spotlight Spider-Gwen with her new secret moniker, Ghost-Spider. "
182,Marvel Ultimate Alliance 3: The Black Order,"Marvel Ultimate Alliance 3: The Black Order brings together Super Heroes and Super Villains from across the Marvel Universe to battle for the limitless power of the Infinity Gauntlet, one Stone at a time. "
183,Marvels Epilogue,"Alex Ross and Kurt Busiek bring Marvel’s world to brilliant, realistic life one last time, as the now-retired Phil Sheldon and his daughters, in Manhattan to see the Christmas lights, find themselves in the middle of a clash between the outsider heroes and the deadly Sentinels, giving them a close-up perspective on the mutant experience."
184,Mega Man Zero/ZX Legacy Collection,Ready your Z-Saber and prepare to megamerge as old friends and new heroes from the Mega Man universe unite in Mega Man Zero/ZX Legacy Collection.
185,Mercy Black,"Fifteen years after conjuring an imaginary phantom known as Mercy Black, a repentant woman returns to her hometown to live with her sister and young nephew."
186,Messiah,A CIA officer investigates a charismatic figure whose followers believe that he can perform miracles. Is he a divine entity or a dangerous con artist?
187,Midsommar,A young woman reluctantly joins her boyfriend on a summer trip where things quickly go awry.
188,Miss Bala,"Gloria (Gina Rodriguez) finds a power she never knew she had when she is drawn into a dangerous world of cross-border crime.  Surviving will require all of her cunning, inventiveness, and strength."
189,MLB The Show 19,MLB The Show 19 brings you the best of baseball. Experience the ultimate duel: the 1v1 battle between hitter and pitcher to see who reigns supreme.
190,Monster Energy Supercross -- The Official Videogame 3,The only Official AMA Supercross Championship videogame is back! Monster Energy Supercross -- The Official Videogame 3 features the 2019 Monster Energy Supercross season.
191,Monster Hunter World: Iceborne,"The first major DLC package for the hit monster hunting game, Monster Hunter World: Iceborne is a new story that begins after the events of the main game. "
192,Mordhau,"Mordhau is a medieval first & third person multiplayer action game. Enter a hectic battlefield of up to 64 players as a mercenary in a fictional, but realistic world, where you will get to experience brutal and satisfying melee combat. "
193,Mortal Kombat 11,"Mortal Kombat is back and better than ever in the eleventh evolution of the iconic franchise. MK11 features a roster of new and returning Klassic Fighters engaged in deadly brawls and a cinematic story mode, which continues the epic Mortal Kombat saga over 25 years in the making. "
194,Motherless Brooklyn,"Lionel Essrog, a lonely private detective with Tourette Syndrome ventures to solve the murder of his mentor and only friend, Frank Minna."
195,Mutant Year Zero: Seed of Evil,"Seed of Evil is an expansion to the award-winning tactical adventure game Mutant Year Zero: Road to Eden picking up where the original game ended and offering hours of more gameplay, new locations to visit, and a new leading character! "
196,Mythic Quest: Raven's Banquet,"From Rob McElhenney and Charlie Day, Mythic Quest: Raven's Banquet is a half-hour comedy series starring McElhenney as the creative director at a video game development studio. "
197,Nancy Drew,"Nancy Drew (Kennedy McMann) is a brilliant teen detective whose sense of self comes from solving mysteries in her hometown of Horseshoe Bay, Maine."
198,Narcos: Mexico,"Shifting away from Colombia, where Narcos spent three seasons, Narcos: Mexico explores the origins of the modern drug war by going back to its roots."
199,NBA 2K20,"2K continues to redefine what’s possible in sports gaming with NBA 2K20, featuring best in class graphics & gameplay, ground breaking game modes, and unparalleled player control and customization. "
200,Need for Speed Heat,"Hustle by day and risk it all at night in Need for Speed Heat, a thrilling race experience that pits you against a city’s rogue police force as you battle your way into street racing’s elite. "
201,NHL 20,"EA Sports NHL 20 introduces cutting-edge gameplay innovation to showcase your skills, more customization to unlock your style, and new modes to compete with friends. "
202,Night Hunter,"Nomis follows Marshall (Henry Cavill), a weathered Lieutenant, and his police force as they investigate a string of female abductions and murders linked to an online predator.  As new leads emerge and the case unravels, Marshall teams with local vigilante (Ben Kingsley) in pursuit of vengeance."
203,Nintendo Labo VR Kit,
204,Nintendo Switch Lite,Nintendo Switch Lite is a device designed specifically to play Nintendo Switch games in handheld mode.
205,NOS4A2,"NOS4A2 tells the story of Charlie Manx, a seductive immortal who feeds off the souls of children, then deposits what remains of them into Christmasland"
206,Observation,"Set on an Earth-orbiting facility, Observation contemporary sci-fi thriller that sees players take control of SAM, an onboard AI, assisting crew member Dr. Emma Fisher after a mysterious event damages the station and seems to cause the rest of the crew to vanish. "
207,Old Lady Harley,"After liberating New York City from her now-feral Gang of Harleys, poor Harley wants nothing more than to slip back into retirement in her coastal (and heavily guarded) paradise. But the Laughing Boys Gang has another idea—they'll follow her to the ends of the Earth, to drag her back to their leader! It can't actually be...him! Right?! He couldn't possibly still be alive, could he? After all...Harley killed him herself with her bare hands! Should she turn to President Power Girl for help? Or flee to the 51st state, Atlantis? Step into an insane vision of a future DC Universe we all better hope we don't live to see!"
208,Once & Future,"When a group of Nationalists use an ancient artifact to bring a villain from Arthurian myth back from the dead to gain power, ex-monster hunter Bridgette McGuire escapes her retirement home and pulls her unsuspecting grandson Duncan, a museum curator, into a world of magic and mysticism to defeat a legendary threat. Bestselling writer Kieron Gillen (The Wicked + The Divine, Star Wars) and Russ Manning Award-winning artist Dan Mora (Buffy The Vampire Slayer, Klaus) explore the mysteries of the past, the complicated truths of our history and the power of family to save the day...especially if that family has secret bunkers of ancient weapons and decades of experience hunting the greatest monsters in Britain's history!"
209,Once Upon a Deadpool,"Once Upon a Deadpool is a special re-edited version of the hit movie Deadpool 2, designed for broader audiences and with its own storytelling bookends to reframe this ""clean"" version of the story. "
210,One Piece: Stampede,Monkey D. Luffy and his pirate crew participate in a competition to find Roger's treasure in this celebration of the One Piece 20th anniversary.
211,Oninaki,"With exciting new action-RPG gameplay, Oninaki will put players in the role of a mysterious Watcher named Kagachi who is bound by duty to sever the bonds that tie the Lost to this world. "
212,Origin,"From the producers of The Crown and Outlander comes Origin, a sci-fi thriller where a group of strangers find themselves stranded on a spacecraft bound for a distant planet."
213,Overland,Make the most of a terrible situation. Survive ... barely. Take care of a group of travelers on a post-apocalyptic road-trip across the United States in the turn-based survival game Overland.
214,Parasite,A savage battle breaks out between two Korean families who have been greatly benefiting from one another.
215,Party of Five [2020],"Party of Five follows the Acosta siblings, Emilio, Lucia, Beto, Valentina and baby Rafa, as they struggle to stay together in the wake of their parents' deportation."
216,Pathway,"Adventure into the strange unknown with Pathway, a strategy RPG set in the 1930s great desert wilderness. Outwit your enemies in daring turn-based combat, raid occult tombs and make tough choices in a procedurally generated grand pulp expedition! "
217,Pearl [2018],"From the Peabody Award-winning creators of Jessica Jones comes a brand-new creation. PEARL is the story of an exceptional tattoo artist and accidental assassin for one of the modern-day San Francisco Yakuza. She was born into one life, but another is calling to her. When Pearl accidentally meets one of her peers, her doppelgänger from another clan, she starts to dream of a better life. But Pearl has a very special ability that keeps pulling her back into the violent world she is desperate to escape. PEARL is a major series launch from writer Brian Michael Bendis and artist Michael Gaydos that features their first brand-new original character since Jessica Jones. Fans of the Jessica Jones comic and TV show will be thrilled and delighted by this bold new direction the creative team has taken."
218,Penguin Highway,
219,Pennyworth,"Written by Bruno Heller, based on DC characters created by Bob Kane and Bill Finger, Pennyworth follows Bruce Wayne's butler, Alfred Pennyworth."
220,PES 2020,"PES 2020 -- the most beautiful game, more beautiful than ever! Pick a side and join forces with newcomers and veterans alike in a grand struggle for dominance in the new Matchday online competitive mode"
221,Pistol Whip,Pistol Whip is an unstoppable action-rhythm FPS. Journey through a cinematic bullet hell powered by a breakneck soundtrack to become the ultimate action hero legend!
222,Planet Zoo,"From the makers of Planet Coaster and Jurassic World Evolution comes the ultimate zoo simulation! Planet Zoo features authentic living animals, rich management, and limitless creativity. "
223,Playing with Fire,Nothing can prepare these elite firefighters for their most challenging job yet: babysitting.
224,Point Blank [2019],"When his pregnant wife is kidnapped, Paul, must team with the badly injured career criminal to save the lives of his wife and unborn child."
225,Pokemon Sword,"Become a Pokémon Trainer and embark on a journey in the new Galar region! Choose from one of three new partner Pokémon: Grookey, Scorbunny, or Sobble. "
226,Pokemon: Mewtwo Strikes Back -- Evolution,
227,Power Rangers: Battle for the Grid,It's Morphin Time! Power Ranger: Battle for the Grid is an easy to learn but hard to master fighting game that delivers a modern take on the Power Rangers franchise.
228,Powers of X,"Intertwining with House of X, Powers of X reveals the secret past, present and future of mutantkind, changing the way you look at every X-Men story before and after. "
229,Prodigal Son,"The son of a notorious serial killer works as a criminal psychologist for the NYPD, helping them solve crimes."
230,Prodigy,"Created by Mark Millar and illustrated by Rafael Albuquerque, Prodigy centers on Edison Crane, the world's smartest man.  Not content with being enormously successful, Crane assists government agencies around the world with solving mysteries as he tries to constantly challenge his mind."
231,Promare,"The first feature-length film from the acclaimed studio Trigger, Promare uses a bold cel-shaded visual style to tell a blistering action-adventure story. "
232,Psikyo Shooting Stars Alpha,"Psikyo Shooting Stars Alpha brings gamers a variety of finger-blistering shoot-em-up classics! Included are Strikers I/II/III, Dragon Blaze, Zero Gunner, and Sol Divide. "
233,Queen & Slim,A couple's first date takes an unexpected turn when a police officer pulls them over.
234,Rad,"Double Apocalypse, bitchin’ mutations, and a sweet bat! Rad is a 3D action rogue-like set in a post-post-apocalyptic world. "
235,Ragnarok,Ragnarok is a coming-of-age drama building on and contributing to a new and surprising angle on Norse mythology.
236,Ready or Not,A bride's wedding night takes a sinister turn when her eccentric new in-laws force her to take part in a terrifying game.
237,Reign of the Supermen,Reign of the Supermen explores what happens to the world after Superman perishes.  This is the sequel to The Death of Superman.
238,Ride Your Wave,A female surfer falls for a brave firefighter who rescues her when her apartment catches on fire.
239,Ring Fit Adventure,Ring Fit Adventure brings to Nintendo Switch a new type of adventure game -- one that incorporates fun new accessories that turn real-world movement into in-game actions in a quest to save the world!
240,ROMA,"ROMA follows Cleo (Yalitza Aparicio), a young domestic worker for a family in the middle-class neighborhood of Roma in Mexico City."
241,Ronin Island,"After a mysterious attack wipes out the major cities of 19th century Japan, Korea, and China, survivors from all three lands find refuge on a hidden island and build a new society. Hana, the orphaned daughter of Korean peasants, and Kenichi, son of a great samurai leader, have little in common except for a mutual disdain for the other. But these young warriors will have to work together when an army invades the island with shocking news: there is a new Shogun and the Island is expected to pay fealty in exchange for protection from a new enemy...a mutated horde that threatens to wipe out all humanity. Award-winning writer Greg Pak (Firefly, Mech Cadet Yu) and artist Giannis Milonogiannis (Prophet) present a story that examines how we move forward when our past divides, set against the backdrop of a post-disaster 19th century Japan."
242,Russian Doll,Russian Doll follows a young woman named Nadia (Natasha Lyonne) on her journey as the guest of honor at a seemingly inescapable party one night in New York City.
243,Sacred Games,"A policeman, a criminal overlord, a Bollywood film star, politicians, cultists, spies, and terrorists—the lives of the privileged, the famous, the wretched, and the bloodthirsty interweave with cataclysmic consequences amid the chaos of modern-day Mumbai."
244,Samurai Jack: Lost Worlds,"Under the leadership of the benevolent Samurai Jack, society has prospered. Everything is in line with his philosophies, his storied stoicism, and of course his hair. Of course, this is all news to Jack who doesn't much care for this impostor using his name. But which one is the real Samurai Jack?"
245,Sayonara Wild Hearts,"Sayonara Wild Hearts is a euphoric music video dream about being awesome, riding motorcycles, skateboarding, dance battling, shooting lasers, wielding swords, and breaking hearts at 200 mph. "
246,Scarlet [2018 - Current],"From the creative team that brought you Daredevil and Infamous Iron Man comes the latest explosive chapter in their creator-owned epic. SCARLET tells the story of a woman whose life has been ripped apart by police corruption. When she pushes back, she starts a chain reaction of events that will bring about the next American Revolution. In this brand-new, new reader-friendly chapter, fully painted by Eisner Award-winning artist Alex Maleev, SCARLET tells the story of what happens when one young woman is pushed too far—and what one country will do to stop her."
247,Scrawl,A comic book writer and his best friend find themselves in situations depicted in their comic book coming to real life.
248,SEGA Genesis Mini,The SEGA Genesis Mini (aka Mega Drive Mini) is a plug-and-play game console featuring some of the greatest games ever made for SEGA's 16-big game console.
249,Seis Manos,"Set in Mexico in the 1970’s era, Seis Manos centers on three orphaned martial arts warriors who join forces with a DEA agent and a Mexican Federale to battle for justice after their beloved mentor is murdered. "
250,Servant,"Toby Kebbell stars opposite Lauren Ambrose in M. Night Shyamalan's series, about parents Dorothy (Ambrose) and Sean Turner (Kebbell), who have hired young nanny Leanne (Nell Tiger Free) to help care for their newborn child."
251,Shuri,"The world fell in love with her in the movie. Now, the Black Panther's techno-genius sister launches her own adventures — written by best-selling Afrofuturist author Nnedi Okorafor and drawn by Eisner-nominated artist Leonardo Romero! The Black Panther has disappeared, lost on a mission in space. And in his absence, everyone's looking at the next in line for the throne. But Shuri is happiest in a lab, surrounded by gadgets of her own creation. She'd rather be testing gauntlets than throwing them. But a nation without a leader is a vulnerable one — and Shuri may have to choose between Wakanda's welfare and her own."
252,Sid Meier's Civilization VI: Gathering Storm,"In Gathering Storm, the second expansion to Civilization VI, the world around you is more alive than ever before! Chart a path to victory for your people by developing new technologies and engineering projects and negotiating with the global community in the World Congress on critical issues. "
253,Silver Surfer: Black,"Featuring action-packed extras including a Cover Gallery, Script, Inked And Color Pages and Character Designs! Spinning out of Guardians of the Galaxy #1, almost the entire galaxy's defenders have been blown through a black hole, including the Silver Surfer! But the story doesn't end there... In order to fight back the oblivion, Surfer will have to fight to save his own soul and not lose himself to the void. Follow the Sentinel of the Spaceways on a journey that will change him forever! From superstars Donny Cates and Tradd Moore!"
254,SolSeraph,"Combining action and strategy gameplay, SolSeraph puts you in the wing-tipped shoes of an almighty divinity who is tasked with rebuilding civilization while protecting the populace from mythical demons and monsters! "
255,Spencer and Locke 2,"Spencer and Locke follows Detective Locke, who returns to the scene of his horrific upbringing when his grade-school sweetheart, Sophie Jenkins, is found dead in a lonesome back alley. "
256,Spider-Force,"Spider-Force (from writer Christopher Priest, artist Paolo Siqueira and cover artist Shane Davis) features a team that includes Kaine, Spider-Woman, Spider-Girl from the Old Man Logan universe and two brand new characters."
257,Spider-Geddon,"SPIDER-GEDDON IS HERE! The end of all Spiders doesn’t exclude the star of the most anticipated video game of 2018! Marvel’s Spider-Man is out September 7, 2018 exclusively on PlayStation 4. He makes his Marvel Comics debut on September 26! How does he enter the Marvel Universe and what role will he play in the final chapter of SPIDER-VERSE?!"
258,Spider-Man [J.J. Abrams],Director J.J. Abrams and his son Henry collaborate for a new take on Spider-Man in this five-issue limited series that is drawn by Sara Pichelli and colored by Dave Stewart.
259,Spider-Man: Life Story,"In 1962, in AMAZING FANTASY #15, 15-year-old Peter Parker was bitten by a radioactive spider and became the Amazing Spider-Man! Fifty-seven years have passed in the real world since that event — so what would have happened if the same amount of time passed for Peter as well? A special high-end limited series that’s a part of the celebration of Marvel’s 80th anniversary, SPIDER-MAN: LIFE STORY combines the talents of Chip Zdarsky and Mark Bagley to tell the entire history of Spider-Man from beginning to end, set against the key events of the decades through which he lived! In this first oversized issue, when Flash Thompson is drafted to serve during the Vietnam War, Spidey must weigh the question of where his responsibility truly lies!"
260,Stan & Ollie,"Stan & Ollie follows Laurel & Hardy, the world's favorite comedy double act, who set out on a variety hall tour of Britain in 1953. Diminished by age and with their golden era as the kings of Hollywood comedy now behind them, they face an uncertain future. As they set out, crisscrossing the country, attendances are disappointingly low. But they've always been able to make each other laugh and as the charm and beauty of their performances shines through their audiences laugh too, and they re-connect with legions of adoring fans, old and new."
261,Star Trek: Picard,This Star Trek series follows Jean-Luc Picard (Patrick Stewart) in events that take place after Star Trek: The Next Generation.
262,Star Trek: Short Treks,Star Trek: Short Treks is a series of short stories set in the Star Trek universe.
263,Star Wars: Target Vader [2019],"Darth Vader is on the hunt for a mysterious criminal syndicate operating outside of The Empire's rule. But little does he know he’s being hunted by a group of the galaxy’s deadliest bounty hunters, hired by the syndicate to take out Vader once and for all. Led by fallen Imperial Officer Beilert Valance, this ragtag group of assassins will stop at nothing to kill the biggest bounty of their lives."
264,SteamWorld Quest: Hand of Gilgamech,"Triumph over evil with the hand you're dealt! In this creative role-playing card game inspired by the SteamWorld universe, you’ll lead a party of aspiring heroes through a hand-drawn world and intense battles using only your wits and a handful of cards. "
265,Stranger Things 3: The Game,Stranger Things 3: The Game is the official companion game to Season 3 of the hit original series. This adventure game blends a distinctively retro 16-bit art style with modern gameplay mechanics to deliver nostalgic fun with a fresh new twist.
266,Stuber,A detective recruits his Uber driver into an unexpected night of adventure.
267,Stumptown,"Written by Jason Richman, Stumptown, inspired by the graphic novels, follows Dex Parios, a strong, assertive, and unapologetically sharp-witted army veteran working as a P.I. in Portland, Oregon. With a complicated personal history and only herself to rely on, she solves other people’s messes with a blind eye toward her own."
268,Super Mario Maker 2,"In Super Mario Maker 2, players can create the Super Mario courses of their dreams, with access to even more tools, items and features. "
269,Super Smash Bros. Ultimate: Joker Challenger Pack,"Joker, the leader of the Phantom Thieves of Hearts from Persona 5, joins the battle! With the Joker Challenger Pack for Super Smash Bros. Ultimate, turn your rebellious spirit into strength, and fight gracefully alongside the great Arsene! "
270,Superman: Year One,"From the burning world of Krypton to the bucolic fields of Kansas, the first chapter tracks Clark Kent's youth in Kansas, as he comes to terms with his strange powers and struggles to find his place in our world."
271,Swamp Thing,Swamp Thing is a scary love story following Abby Arcane as she investigates what seems to be a deadly swamp-born virus in a small town in Louisiana but soon discovers that the swamp holds mystical and terrifying secrets.
272,Sword Art Online Alternative: Gun Gale Online,"Sword Art Online Alternative: Gun Gale Online centers on Karen Kohiruimaki, who is bad at dealing with people in her life and plays virtual shooter MMO Gun Gale Online as a feminine pink-clad Llenn. She eventually hits it off with another female player named Pitohui, who encourages her to join the Battle Royale-style tournament known as Squad Jam."
273,Teen Titans Go! Vs. Teen Titans,The comedic modern-day quintet takes on their 2003 counterparts when villains from each of their worlds join forces to pit the two Titan teams against each other.
274,Tenki no Ko: Weathering With You,"A teenage boy named Hodaka moves to Tokyo befriends a girl named Hina, who has the ability to control the weather and clear rainy skies."
275,Terminator: Resistance,"Terminator: Resistance, is a first-person shooter set during the 'Future War' scenario that was only glimpsed at in the iconic films"
276,Tetris 99,
277,The Aeronauts,"In 1862, daredevil balloon pilot Amelia Wren (Felicity Jones) teams up with pioneering meteorologist James Glaisher (Eddie Redmayne) to advance human knowledge of the weather and fly higher than anyone in history."
278,The Amazing Mary Jane,One lucky lady just hit the jackpot with her own series — The Amazing Mary Jane by writer Leah Williams and artist Carlos Gomez puts the spotlight on the love of Peter Parker's life!
279,The Art of Self-Defense,"After he's attacked on the street at night by a roving motorcycle gang, timid bookkeeper Casey (Jesse Eisenberg) joins a neighborhood karate studio to learn how to protect himself."
280,The Batman's Grave,"Warren Ellis and Bryan Hitch, one of the most legendary creative partnerships in modern comic book history, reunite for The Batman's Grave, a twelve-issue monthly DC maxi-series about life, death and the questions most are too afraid to ask. The team that brought us The Authority now turn their talents towards The World’s Greatest Detective, whose current case forces him to inhabit the mind of a murder victim with a half-eaten face -- without filling the empty grave next to those of his parents. Within the pages of The Batman's Grave lives a Batman with an almost psychotic identification with murder victims. He immerses himself in their lives and obsesses over every detail of their deaths. Even as Batman would process the evidence and approach the perpetrator from one side, he would live inside the life of the victim as they approached their death. 
<p>
But first, Ellis and Hitch get into the mind of a butler. Once a week, rain or shine, Alfred Pennyworth walks to a little cemetery plot in the Wayne Manor grounds. He meticulously tends to Thomas and Martha’s headstones, plinths and slabs: weeding, cleaning, polishing. But how much longer before there’s another Wayne memorial to tend to? "
281,The C64,A timeless classic is being given a new lease of life with the launch of a full-sized version of The C64.
282,The Clovehitch Killer,"Tyler's a good kid, a boy scout, raised by a poor but happy family in a small, religious town. But when he finds his dad, Don, has disturbing pornography hidden in the shed, he starts to fear that his dad might be Clovehitch, an infamous serial killer that was never caught. Tyler teams up with Kassi, a teenage outcast who's morbidly obsessed with the Clovehitch legend, to discover the truth in time to save his family."
283,The Dark Crystal: Age of Resistance Tactics,"The Dark Crystal: Age of Resistance comes to life as a thrilling tactical strategy game! The expanded world of Thra in The Dark Crystal: Age of Resistance Tactics contains diverse territories, each offering the ability to learn more about the Gelfling clans and their histories. "
284,The Dirt,"Based on the bestselling autobiography from Mötley Crüe, the film is an unflinching tale of success and excess as four misfits rise from the streets of Hollywood to the heights of international fame."
285,The Dragon Prince,"Two human princes forge an unlikely bond with the elfin assassin sent to kill them, and together embark on an epic quest to bring peace to their warring lands. "
286,The Elder Scrolls Online: Elsweyr,"Elsweyris is a major chapter addition to The Elder Scrolls Online, the award-winning online multiplayer RPG. "
287,The Gentlemen,A British drug lord tries to sell off his highly profitable marijuana empire to a dynasty of Oklahoma billionaires.
288,The Goldfinch,"Starring Nicole Kidman and Sarah Paulson, The Goldfinch is about a boy in New York who gets taken in by a wealthy Upper East Side family when his mother is killed in a bombing."
289,The Imagineering Story,"Creating happiness is hard work. This six-hour saga by Academy Award nominated director, Leslie Iwerks, chronicles the sixty-seven year history of Walt Disney Imagineering, a place best described as equal parts artist studio, design center, think tank and innovation laboratory."
290,The Innocent Man,"In a story that gained national attention with John Grisham’s best-selling non-fiction book, The Innocent Man: Murder and Injustice in a Small Town, the six-part documentary series The Innocent Man focuses on two murders that shook the small town of Ada, Oklahoma, in the 1980s — and the controversial chain of events that followed."
291,The Invaders [2019],"In commemoration of Marvel’s 80th anniversary and springing from events in the pages of AVENGERS and THE BEST DEFENSE, the Marvel Universe’s first super-team is back! CAPTAIN AMERICA. THE HUMAN TORCH. THE WINTER SOLDIER. NAMOR. They fought in WORLD WAR II together as THE INVADERS."
292,The Kitchen,"The Kitchen is a gritty, female-driven mob drama about three 1978 Hell’s Kitchen housewives whose mobster husbands are sent to prison by the FBI. "
293,The Legend of Zelda: Link's Awakening,The Legend of Zelda: Link's Awakening is a grand remake of one of the most beloved entries in The Legend of Zelda franchise.
294,The Lighthouse,The Lighthouse is a hypnotic and hallucinatory tale of two lighthouse keepers on a remote and mysterious New England island in the 1890s.
295,The Little Drummer Girl,
296,The Lodge,"Following Richard Marsh, a non-fiction author who has an obsession with extreme Christian cults, The Lodge is a family horror like no other. "
297,The Man Who Killed Hitler and Then The Bigfoot,"The story follows a legendary American war veteran named Calvin Barr who, decades after serving in WWII and assassinating Adolf Hitler, must now hunt down the fabled Bigfoot. Living a peaceful life in New England, the former veteran is contacted by the FBI and the Royal Canadian Mounted Police to lead the charge as the creature is carrying a deadly plague and is hidden deep inside the Canadian wilderness."
298,The Night Comes For Us,"The Night Comes For Us follows Ito, a former triad enforcer, and his mission to protect a young girl while trying to escape his former gang. "
299,The Outer Worlds,"In the sci-fi RPG The Outer Worlds, explore the furthest reaches of space and encounter a host of factions all vying for power. Who you decide to become will determine the fate of everyone in Halcyon. In the corporate equation for the colony, you are the unplanned variable. "
300,The Outsider,"Based on the Stephen King novel, The Outsider centers on an investigation into the death of a local boy which takes an unusual supernatural turn, forcing everyone to question what they believe."
301,The Perfection,"When troubled musical prodigy Charlotte (Allison Williams) seeks out Elizabeth (Logan Browning), the new star pupil of her former school, the encounter sends both musicians down a sinister path with shocking consequences."
302,The Silence,"When the world is under attack from terrifying creatures who hunt their human prey by sound, 16-year old Ally Andrews and her family seek refuge in a remote haven."
303,The Society,"The Society follows a group of teenagers who are mysteriously transported to a facsimile of their wealthy New England town without any trace of their parents. Their newfound freedom will be fun... but it will also be very dangerous.  As they struggle to figure out what has happened to them and how to get home, they must establish order and form alliances if they want to survive."
304,The Spy [Netflix],"Sacha Baron Cohen plays Eli Cohen in The Spy, a six episode limited drama series exploring Cohen’s role as a spy for Israel in Syria in the early 1960s. "
305,The Toys That Made Us,The minds behind history's most iconic toy franchises discuss the rise -- and sometimes fall -- of their billion-dollar creations.
306,The World According to Jeff Goldblum,"See the world through the eyes of Jeff Goldblum.  Jeff pulls back the curtain on a seemingly familiar object to reveal a world of astonishing connections, fascinating science, and a whole lot of big ideas."
307,They Shall Not Grow Old,They Shall Not Grow Old is a poignant WWI documentary directed by Academy Award winner Peter Jackson which opens a window to the past in a way that has never been seen or heard before.
308,Tigers Are Not Afraid,Writer-director Issa López draws on the real-life consequences of the drug wars in Mexico for her dark fairy tale about orphaned children left behind in the aftermath of violence.
309,Tokyo Ghoul S,"Now a member of Anteiku, Ken Kaneki grows closer to the ghouls around him. Determined to protect his new home against anti-ghoul forces, he trains his powers in secret. But when the infamous gourmet, Shu Tsukiyama, wishes to savor some half-ghoul flavor, Kaneki’s training is put to the test of a lifetime."
310,Tom Clancy's Ghost Recon Breakpoint,Tom Clancy’s Ghost Recon Breakpoint is a military shooter set in a diverse and hostile open world entirely playable solo or in up to four-player co-op.
311,Transformers [2019],"In the infinite universe, there exists a planet like no other: Cybertron! Home to the Transformers, and a thriving hub for inter-stellar commerce, it is a world brimming with organic and constructed diversity. Immense structures line its landscape. Mechanical giants roam across its surface. Starship-sized titans orbit its skies, keeping a constant protective watch above and below. Ancient Transformers merge into its very fabric. Small, mysterious creatures skulk in its shadows. It is a truly amazing realm, long untouched by war, and exuberantly reaching for the stars. This is the Cybertron that Optimus Prime and Megatron vie for in this bold new origin—a world of seemingly endless peace! All that changes when Bumblebee and Windblade take a newly-forged Cybertronian on his first voyage through this world of wonders—they are confronted by the hard reality of the first murder to have occurred on Cybertron in living memory!"
312,Trine 4: The Nightmare Prince,"In Trine 4: The Nightmare Prince, Amadeus the Wizard, Pontius the Knight, and Zoya the Thief are joined together once again on a thrilling quest through fantastical fairytale landscapes teeming with danger.  "
313,Truth Be Told [2019],"Octavia Spencer stars in an adaptation of Kathleen Barber’s true-crime novel, which explores how the boom in crime podcasts can have unintended consequences for suspects and victims."
314,Turn Up Charlie,Idris Elba stars as a failed DJ trying to relaunch his career while working as a nanny for his superstar best friend's wild child 11-year-old daughter.  Piper Perabo and JJ Feild also star.
315,Ultraman,"Once there was a ""Giant of Light"" that defended world peace from the threat of giant monsters and alien invasions. His name was Ultraman."
316,Uncanny X-Men [2018 - Current],"The flagship X-Men series that started it all returns! Starting with a mysterious and tragic disappearance, the X-Men are drawn into what might be ... their final adventure?! "
317,Uncut Gems,Uncut Gems stars Adam Sandler as a jewelry store owner and dealer to the rich and famous.
318,Underwater,A crew of underwater researchers must scramble to safety after an earthquake devastates their subterranean laboratory.  Kristen Stewart and Jessica Henwick star.
319,Unicorn Store,Kit (Brie Larson) receives a mysterious invitation that would fulfill her childhood dreams.
320,United We Fan,"Fans, stars, creators, and more come together to explore the dynamic history and evolution of save-our-show television fan campaigns from the letter-writing of yesterday to social media campaigns of today. "
321,Vader Immortal: A Star Wars VR Series -- Episode III,
322,Velvet Buzzsaw,Velvet Buzzsaw is a satirical thriller set in the contemporary art world scene of Los Angeles where big money artists and mega-collectors pay a high price when art collides with commerce.
323,Venom Annual [2018 - Current],"For the first time in Marvel history, the Wicked Webslinger called VENOM gets his very own Annual! This one features a few walks down memory lane from some of the best creators in comics today -- and even a few surprise guests from Venom’s past!"
324,War Of The Realms,"All the heroes of the Marvel Universe have assembled, yet this still might not be enough to stop Malekith’s endless war. And the one hero who could turn the tide…is stranded where no one can reach him. With Thor trapped in the land of the Frost Giants and the forces of Earth overwhelmed, Black Panther, Jane Foster and Doctor Strange make a desperate gamble. Valhalla awaits…"
325,War Of The Realms Strikeforce: The Land Of Giants,The God of Thunder is trapped in the land of ice and snow.  It's up to Captain America to rescue him.
326,Warcraft III: Reforged,"Remastered for a new generation of players, Warcraft III: Reforged presents the classic Warcraft III with refreshed visuals and presentation. "
327,Warhammer: Chaosbane,"Set in the Warhammer Fantasy world, Warhammer: Chaosbane is a hack-and-slash action/RPG that gamers can play solo or with up to 4 in local or online co-op. Choose a hero from 4 character classes with unique and complementary skills, and prepare for epic battles! "
328,Warrior [Cinemax],"Warrior is a gritty, action-packed crime drama set during the brutal Tong Wars of San Francisco's Chinatown in the second half of the 19th century.  The series follows Ah Sahm, a martial arts prodigy who immigrates from China to San Francisco under mysterious circumstances, and becomes a hatchet man for one of Chinatown's most powerfun crime families."
329,Watership Down [Netflix],"Set in the idyllic rural landscape of southern England, this dramatic animated tale of adventure, courage, and survival follows a band of rabbits on their flight from the intrusion of man and the certain destruction of their home. "
330,Web Of Venom: Ve'Nam,"As the United States of America struggled through the Vietnam War, Nick Fury of S.H.I.E.L.D. needed a secret weapon – and when an ancient creature was discovered at an archaeological dig site, he was sure he’d found it. In reality, the discovery was an ancestor of the Klyntar symbiotes…and would become a waking nightmare for a platoon of American soldiers!"
331,What Did Jack Do?,"In a locked down train station, a homicide detective conducts an interview with a tormented monkey."
332,What/If [Netflix],Social thriller What/If explores the ripple effects of what happens when acceptable people start doing unacceptable things.
333,Who Is America?,
334,Wonder Comics: Wonder Twins,"Wonder Comics: Wonder Twins is one of the debut comic book series on the curated DC imprint Wonder Comics, which is a teen-focused line of superhero comics. "
335,Wonder Woman: Bloodlines,"In Wonder Woman: Bloodlines, Amazon princess Diana of Themyscira chooses to save fighter pilot Steve Trevor and return him to his home in America. "
336,WRC 8,"Play as the best drivers in the Championship and experience the competition as if you were there! WRC 8 brings back FIA World Rally Championship racing with enhanced graphics, more technical routes, smoother pace notes and a more comprehensive career mode. "
337,Wrinkles the Clown,"Wrinkles the Clown is a documentary exploring clowns, mythmaking, and the pull of anonymity in the internet age."
338,Wu Assassins,"Set in San Francisco's Chinatown, Wu Assassins is a martial arts crime series with supernatural elements.  It stars Iko Uwais as Kai Jin, who becomes the latest and last Wu Assassin, chosen to round up the powers of an ancient triad and restore balance."
339,Wu-Tang: An American Saga,Wu-Tang: An American Saga is inspired by the true story of the Wu-Tang Clan.
340,WWE 2K20,"2K invites players to step inside the ring with WWE 2K20. Your favorite WWE Superstars, Legends, Hall of Famers and NXT’s best will join the festivities and celebrate the future of the WWE 2K franchise. "
341,X-Men [2019],The X-Men find themselves in a whole new world of possibility… and things have never been better! Jonathan Hickman and artist Leinil Yu reveal the saga of Cyclops and his hand-picked squad of mutant powerhouses!
342,Yardie,"Set in ‘70s Kingston and ‘80s Hackney (a neighborhood in London with a large Jamaican community), Yardie centers around the intertwined worlds of the Jamaican narcotics syndicates and the music industry. "
343,Yesterday,A struggling musician realizes he's the only person on Earth who can remember The Beatles.
344,Yooka-Laylee and the Impossible Lair,Rescue Queen Phoebee’s Royal Beettalion Guard and prepare to take on Capital B’s most dastardly challenge yet in the platforming adventure Yooka-Laylee and the Impossible Lair.
345,You [Netflix],"When a brilliant bookstore manager crosses paths with an aspiring writer, his answer becomes clear: anything. Using the internet and social media as his tools to gather the most intimate of details and get close to her. "
346,Young Justice [2019],"Superboy! Wonder Girl! Robin! Impulse! Amethyst! They’re all united in Young Justice #1, the debut issue of a brand-new series that also introduces new heroes Teen Lantern and Jinny Hex! When the nightmare dimension known as Gemworld invades Metropolis, these teen heroes reunite to deal with the situation—but they’re shocked to discover the battle may be the key to the return of Conner Kent, a.k.a. Superboy! This mix of fan favorites and new legacy heroes will be the center point for some of the biggest goings-on at DC! As if that weren’t enough, Bendis reunites with all-star artist Patrick Gleason to bring the new heroes of DC’s Wonder Comics to life!"
347,Zombie Army 4: Dead War,
