id,name,short_name,created_at,updated_at,review_url,review_score
1,1917,1917,2018-12-13 17:08:33.408-08,2020-01-09 12:55:52.386-08,https://www.ign.com/articles/2020/01/09/1917-review,9.5
2,A Beautiful Day in the Neighborhood,A Beautiful Day in the Neighborhood,2018-09-28 08:46:24.108-07,2019-09-20 10:48:05.216-07,https://www.ign.com/articles/2019/09/09/a-beautiful-day-in-the-neighborhood-review-mr-rogers-movie,8.5
3,A Discovery of Witches,A Discovery of Witches,2018-10-06 10:08:27.87-07,2019-03-13 11:56:56.805-07,https://www.ign.com/articles/2019/01/17/a-discovery-of-witches-season-1-review,7.0
4,A Hidden Life,A Hidden Life,2019-11-12 16:46:40.821-08,2019-11-12 16:50:43.556-08,https://www.ign.com/articles/2019/12/11/a-hidden-life-review,8.5
5,A Simple Favor,A Simple Favor,2018-08-17 02:42:04.683-07,2018-09-14 12:53:36.881-07,https://www.ign.com/articles/2018/09/14/a-simple-favor-review,8.7
6,Abominable,Abominable,2019-02-14 10:00:33.618-08,2019-09-20 16:57:05.271-07,https://www.ign.com/articles/2019/09/13/abominable-review,6.0
7,Absolute Carnage [2019],Absolute Carnage,2019-05-15 14:09:55.128-07,2019-10-14 14:44:16.704-07,https://www.ign.com/articles/2019/08/07/carnage-brings-a-dose-of-horror-to-spider-mans-world-absolute-carnage-2-review,8.4
8,After Life,After Life,2018-05-10 10:39:43.379-07,2019-03-08 10:01:10.066-08,https://www.ign.com/articles/2019/03/08/netflixs-after-life-review,7.3
9,Aggretsuko,,2018-04-25 17:21:17.454-07,2018-04-26 12:29:20.871-07,https://www.ign.com/articles/2018/04/26/netflixs-aggretsuko-season-1-review,8.0
10,Alien: Blackout,Alien: Blackout,2019-01-07 09:49:48.638-08,2019-01-11 10:07:36.397-08,https://www.ign.com/articles/2019/01/29/alien-blackout-review,6.3
11,All Elite Wrestling,All Elite Wrestling,2019-07-24 10:19:28.708-07,2019-10-03 15:32:26.026-07,https://www.ign.com/articles/2019/10/03/aew-dynamite-tnt-series-premiere-review,8.4
12,Analogue Mega Sg,Mega Sg,2018-10-16 10:26:58.84-07,2019-03-25 08:00:17.032-07,https://www.ign.com/articles/2019/03/25/analogue-mega-sg-review,9.0
13,Anna And The Apocalypse,Anna And The Apocalypse,2018-09-05 11:37:41.363-07,2018-11-30 17:39:52.834-08,https://www.ign.com/articles/2018/11/30/anna-and-the-apocalypse-review,8.1
14,Another Life,Another Life,2018-05-10 10:51:23.092-07,2019-07-22 16:52:03.591-07,https://www.ign.com/articles/2019/07/25/netflixs-another-life-season-1-review,5.0
15,AO Tennis 2,AO Tennis 2,2019-11-07 15:07:03.666-08,2020-02-14 12:22:29.474-08,https://www.ign.com/articles/2020/01/08/ao-tennis-2-review,7.0
16,Apex Legends,Apex Legends,2019-02-04 01:00:30.682-08,2019-02-22 14:42:34.89-08,https://www.ign.com/articles/2019/02/22/buy-apex-legends-coins-cheap,9.0
17,Asgard’s Wrath,Asgard’s Wrath,2019-09-25 11:49:06.167-07,2019-10-10 16:30:05.571-07,https://www.ign.com/articles/2019/10/10/asgards-wrath-review,9.4
18,Assassin's Creed Odyssey: Legacy of the First Blade -- Episode 1: Hunted,Assassin's Creed Odyssey: Hunted DLC,2018-12-04 15:44:35.613-08,2020-01-07 15:06:20.008-08,https://www.ign.com/articles/2018/12/03/assassins-creed-odyssey-dlc-a-legacy-of-the-first-blade-hunted-review,7.0
19,Assassin's Creed Odyssey: Legacy of the First Blade -- Episode 2: Shadow Heritage,Assassin's Creed Odyssey: Shadow Heritage DLC,2018-12-04 15:44:40.526-08,2020-01-07 15:06:22.815-08,https://www.ign.com/articles/2019/01/14/assassins-creed-odyssey-dlc-a-legacy-of-the-first-blade-shadow-heritage-review,7.0
20,Assassin's Creed Odyssey: Legacy of the First Blade -- Episode 3: Bloodline,Assassin's Creed Odyssey: Bloodline DLC,2018-12-04 15:44:46.568-08,2020-01-07 15:06:25.266-08,https://www.ign.com/articles/2019/03/04/assassins-creed-odyssey-dlc-a-legacy-of-the-first-blade-bloodline-review,8.0
21,Astral Chain,Astral Chain,2019-02-13 14:34:32.784-08,2019-09-13 16:43:43.884-07,https://www.ign.com/articles/2019/08/26/astral-chain-review,9.0
22,Atlas,Atlas,2018-12-06 19:29:19.791-08,2019-09-27 16:53:11.423-07,https://www.ign.com/articles/2019/01/18/atlas-early-access-review,4.8
23,Batman & the Outsiders [2019],Batman & the Outsiders,2019-05-07 15:09:53.918-07,2019-05-07 15:11:15.428-07,https://www.ign.com/articles/2019/05/08/characters-are-key-in-dcs-new-outsiders-series-batman-and-the-outsiders-1-review,7.5
24,Batman vs. Teenage Mutant Ninja Turtles,Batman vs. Teenage Mutant Ninja Turtles,2019-03-14 16:11:54.337-07,2019-05-15 13:14:40.37-07,https://www.ign.com/articles/2019/05/15/batman-vs-teenage-mutant-ninja-turtles-review,8.2
25,Batman: Curse of the White Knight,Batman: Curse of the White Knight,2018-09-27 14:26:10.246-07,2019-07-24 09:48:05.657-07,https://www.ign.com/articles/2019/07/24/batman-white-knight-gets-a-worthy-sequel-batman-curse-of-the-white-knight-1-review,8.7
26,Batman: Damned,Batman: Damned,2018-09-18 11:19:57.97-07,2018-09-18 11:20:47.647-07,https://www.ign.com/articles/2019/06/26/batman-damned-reaches-mind-bending-conclusion-batman-damned-3-review,8.2
27,Batman: Hush,Batman: Hush,2019-03-27 00:48:52.342-07,2019-08-06 11:09:06.862-07,https://www.ign.com/articles/2019/07/19/batman-hush-movie-review,7.8
28,Batman: Last Knight on Earth,Batman: Last Knight on Earth,2019-05-28 10:03:45.23-07,2019-05-28 10:04:22.476-07,https://www.ign.com/articles/2019/07/31/batman-and-joker-explore-a-surreal-fascinating-dc-universe-batman-last-knight-on-earth-2-review,8.9
29,Batman/Superman [2019 - Current],Batman/Superman,2019-08-28 14:09:22.826-07,2019-10-23 10:03:46.234-07,https://www.ign.com/articles/2019/08/28/batmansuperman-1-review-2,9.0
30,Batwoman,Batwoman,2018-07-17 16:06:58.363-07,2020-01-15 11:54:43.638-08,https://www.ign.com/articles/2020/02/17/batwoman-season-1-episode-12-take-your-choice-review,9.0
31,Berserker Unbound,Berserker Unbound,2019-08-06 11:25:14.252-07,2019-08-08 13:54:21.517-07,https://www.ign.com/articles/2019/08/07/this-barbarian-hero-will-give-you-deja-vu-berserker-unbound-1-review,6.6
32,Between Two Ferns: The Movie,Between Two Ferns: The Movie,2019-05-24 12:39:27.691-07,2019-09-20 15:25:24.831-07,https://www.ign.com/articles/2019/09/20/between-two-ferns-netflix-movie-review,7.0
33,Big Bash Boom,Big Bash Boom,2018-10-04 12:08:04.265-07,2018-12-12 14:49:56.937-08,https://www.ign.com/articles/2018/12/02/big-bash-boom-review,6.0
34,Bird Box,Bird Box,2018-10-24 10:01:29.584-07,2018-12-29 19:09:22.003-08,https://www.ign.com/articles/2018/12/29/netflixs-bird-box-review,7.5
35,Black Christmas,Black Christmas,2019-06-13 11:35:31.401-07,2019-12-12 16:02:06.31-08,https://www.ign.com/articles/2019/12/13/black-christmas-movie-review,8.6
36,Black Mirror: Bandersnatch,Black Mirror: Bandersnatch,2018-12-27 11:20:45.577-08,2018-12-28 11:12:43.375-08,https://www.ign.com/articles/2018/12/28/netflixs-black-mirror-bandersnatch-review,8.0
37,Black Summer,Black Summer,2019-04-03 11:42:08.192-07,2019-04-03 11:42:08.192-07,https://www.ign.com/articles/2019/04/12/black-summer-season-1-review,9.0
38,Blair Witch,Blair Witch,2019-06-09 13:34:05.366-07,2019-11-19 10:54:35.369-08,https://www.ign.com/articles/2019/08/30/blair-witch-review-3,8.8
39,Bodyguard,Bodyguard,2018-10-24 10:08:29.685-07,2018-10-28 12:00:20.969-07,https://www.ign.com/articles/2018/10/24/netflixs-bodyguard-season-1-review,8.5
40,Bombshell,Bombshell,2019-08-21 11:43:02.586-07,2019-12-11 17:30:25.941-08,https://www.ign.com/articles/2019/12/11/bombshell-review-fox-news-movie-megyn-kelly,5.0
41,Boneworks,Boneworks,2019-03-02 20:43:58.594-08,2019-12-15 13:29:15.581-08,https://www.ign.com/articles/2019/12/15/boneworks-review,7.9
42,Books of Magic [2018],Books of Magic,2018-10-24 10:15:42.941-07,2018-10-24 10:16:55.185-07,https://www.ign.com/articles/2018/10/24/books-of-magic-tells-a-compelling-but-familiar-story-books-of-magic-1-review,7.5
43,Booksmart,Booksmart,2019-03-11 09:50:19.687-07,2019-05-23 10:35:25.388-07,https://www.ign.com/articles/2019/05/23/booksmart-review,8.9
44,Borderlands 2: Commander Lilith and The Fight For Sanctuary,Borderlands 2: Commander Lilith and The Fight For Sanctuary,2019-06-07 11:36:28.635-07,2019-06-09 15:05:05.641-07,https://www.ign.com/articles/2019/06/09/borderlands-2-commander-lilith-and-the-fight-for-sanctuary-review,8.9
45,Borderlands 3: Moxxi’s Heist of The Handsome Jackpot,Borderlands 3: Moxxi’s Heist,2019-12-05 09:38:42.972-08,2020-01-07 14:34:34.467-08,https://www.ign.com/articles/2019/12/19/borderlands-3-moxxis-heist-of-the-handsome-jackpot-dlc-review,7.0
46,Briarpatch,,2018-04-12 11:41:26.386-07,2020-02-06 22:38:12.548-08,https://www.ign.com/articles/2020/02/06/briarpatch-season-1-episode-1-first-time-in-saint-disgrace-review-recap,7.0
47,Brightburn,Brightburn,2018-10-08 17:05:08.549-07,2019-05-21 12:31:14.659-07,https://www.ign.com/articles/2019/05/22/brightburn-review,7.1
48,Buffy the Vampire Slayer [BOOM! Studios],Buffy,2018-09-20 16:26:22.33-07,2019-01-22 13:18:48.321-08,https://www.ign.com/articles/2019/01/23/buffy-the-vampire-slayer-gets-a-much-needed-fresh-start-buffy-the-vampire-slayer-1-review,8.8
49,Cadence of Hyrule,Cadence of Hyrule,2019-03-20 09:36:05.274-07,2019-06-19 11:04:44.683-07,https://www.ign.com/articles/2019/06/18/cadence-of-hyrule-review,8.8
50,Call of Duty: Mobile,Call of Duty: Mobile,2019-03-19 00:13:24.246-07,2020-01-09 15:50:39.505-08,https://www.ign.com/articles/2019/10/02/call-of-duty-mobile-review,7.7
51,Call of Duty: Modern Warfare,Call of Duty,2019-05-10 10:36:43.405-07,2020-01-09 15:49:51.884-08,https://www.ign.com/articles/2019/10/29/call-of-duty-modern-warfare-review-multiplayer,7.5
52,Cam,Cam,2018-11-16 11:00:15.775-08,2018-11-16 18:14:15.909-08,https://www.ign.com/articles/2018/11/16/netflixs-cam-review,8.0
53,Captain Marvel [2019],Captain Marvel,2019-01-07 11:52:36.83-08,2019-01-07 11:53:40.15-08,https://www.ign.com/articles/2019/01/09/captain-marvels-new-series-lacks-focus-captain-marvel-1-review,6.5
54,Captive State,Captive State,2018-09-14 06:02:00.707-07,2018-09-14 06:05:15.74-07,https://www.ign.com/articles/2019/03/14/captive-state-review,8.5
55,Castlevania Anniversary Collection,Castlevania Anniversary Collection,2019-03-20 01:13:47.373-07,2019-05-13 18:21:49.448-07,https://www.ign.com/articles/2019/05/24/castlevania-anniversary-collection-review,8.0
56,Cats,Cats,2019-07-17 09:14:45.588-07,2019-12-18 19:19:56.985-08,https://www.ign.com/articles/2019/12/18/cats-review,4.5
57,Chernobyl,Chernobyl,2019-04-30 08:24:20.996-07,2019-06-05 13:03:33.271-07,https://www.ign.com/articles/2019/06/04/chernobyl-episode-5-vichnaya-pamyat-series-finale-recap,8.0
58,Close to the Sun,Close to the Sun,2018-12-19 11:52:06.092-08,2019-11-18 16:40:03.673-08,https://www.ign.com/articles/2019/05/08/close-to-the-sun-review,7.2
59,Cold Pursuit,Cold Pursuit,2018-10-25 12:30:32.802-07,2019-02-07 15:41:44.486-08,https://www.ign.com/articles/2019/02/05/cold-pursuit-review,7.8
60,Color Out of Space,Color Out of Space,2019-01-23 12:58:47.425-08,2020-02-04 16:22:02.211-08,https://www.ign.com/articles/2020/01/23/color-out-of-space-review,8.0
61,Conan the Barbarian [2019],Conan the Barbarian,2018-08-24 12:08:41.607-07,2019-01-02 10:58:01.179-08,https://www.ign.com/articles/2019/01/02/conan-makes-his-triumphant-return-to-marvel-conan-the-barbarian-1-review,8.8
62,Condor,Condor,2018-05-31 14:09:33.29-07,2018-05-31 14:15:07.329-07,https://www.ign.com/articles/2018/06/06/condor-series-premiere-review-what-loneliness,7.0
63,Contra Rogue Corps,Contra Rogue Corps,2019-06-11 09:23:24.293-07,2019-09-23 15:24:45.838-07,https://www.ign.com/articles/2019/09/23/contra-rogue-corps-review,4.0
64,Conversations with a Killer: The Ted Bundy Tapes,Conversations with a Killer: The Ted Bundy Tapes,2019-01-16 03:13:54.644-08,2019-01-16 03:16:37.442-08,https://www.ign.com/articles/2019/01/26/netflixs-conversations-with-a-killer-the-ted-bundy-tapes-review,6.4
65,Cover,Cover,2018-09-04 11:10:41.021-07,2018-09-04 11:12:11.91-07,https://www.ign.com/articles/2018/09/06/dcs-newest-jinxworld-comic-is-the-best-yet-cover-1-review,8.6
66,Crash Team Racing Nitro-Fueled,Crash Team Racing Nitro-Fueled,2018-12-06 18:59:04.67-08,2019-06-21 15:51:15.699-07,https://www.ign.com/articles/2019/06/20/crash-team-racing-nitro-fueled-review,8.2
67,Creepshow: The Series,Creepshow,2018-07-18 11:51:18.885-07,2019-09-26 14:27:58.597-07,https://www.ign.com/articles/2019/09/26/creepshow-shudder-premiere-gray-matter-the-house-of-the-head-review,8.0
68,Cricket 19 -- The Official Game of the Ashes,Cricket 19,2019-04-22 13:09:07.411-07,2019-05-29 20:48:44.404-07,https://www.ign.com/articles/2019/05/29/cricket-19-review,8.0
69,Criminal,Criminal,2019-09-13 13:24:19.137-07,2019-09-20 14:38:33.845-07,https://www.ign.com/articles/2019/09/20/netflixs-criminal-review-david-tennant-hayley-atwell,8.8
70,Daredevil [2019],Daredevil,2019-02-04 10:10:21.888-08,2019-02-04 10:12:03.927-08,https://www.ign.com/articles/2019/02/06/matt-murdocks-suffering-fuels-new-daredevil-comic-daredevil-1-review,8.9
71,Darksiders Genesis,Darksiders Genesis,2019-06-06 06:34:08.962-07,2020-02-13 10:18:00.638-08,https://www.ign.com/articles/2019/12/04/darksiders-genesis-review,8.7
72,Dawn of X: Excalibur,Excalibur,2019-07-20 23:31:48.372-07,2019-07-20 23:52:43.263-07,https://www.ign.com/articles/2019/10/29/marvels-dawn-of-x-relaunch-excalibur-1-review,7.6
73,Dawn of X: Fallen Angels,Fallen Angels,2019-07-20 23:32:07.973-07,2019-11-12 14:40:50.764-08,https://www.ign.com/articles/2019/11/12/dawn-of-x-fallen-angels-1-review,7.3
74,Dawn of X: New Mutants,New Mutants,2019-07-20 23:31:07.451-07,2019-11-05 15:03:48.056-08,https://www.ign.com/articles/2019/11/07/dawn-of-x-new-mutants-1-review,8.2
75,Dawn of X: The Marauders,The Marauders,2019-07-20 23:31:59.487-07,2019-10-23 10:09:47.463-07,https://www.ign.com/articles/2019/10/22/marvels-dawn-of-x-relaunch-marauders-1-review,8.8
76,Dawn of X: X-Force,X-Force,2019-07-20 23:32:18.983-07,2019-11-05 15:16:47.758-08,https://www.ign.com/articles/2019/11/27/dawn-of-x-x-force-2-review,8.8
77,Daybreak,Daybreak,2018-07-26 10:29:22.218-07,2019-12-17 20:12:55.593-08,https://www.ign.com/articles/2019/10/25/daybreak-season-1-review-netflix,8.2
78,DCeased,DCeased,2019-02-19 16:10:11.304-08,2019-04-29 15:37:21.102-07,https://www.ign.com/articles/2019/05/01/dc-comics-delivers-its-answer-to-marvel-zombies-dceased-1-review,8.0
79,Deadly Class,Deadly Class,2018-04-18 14:37:12.161-07,2019-06-06 11:50:37.352-07,https://www.ign.com/articles/2019/01/17/syfys-deadly-class-season-1-premiere-review-pilot,6.0
80,Deadpool [2019 - Current],Deadpool,2019-11-19 12:08:33.061-08,2019-11-19 12:13:15.721-08,https://www.ign.com/articles/2019/11/20/deadpool-1-review-3,5.5
81,Destiny 2 -- Forsaken: Black Armory,Destiny 2: Black Armory,2018-11-30 14:16:58.587-08,2019-08-01 16:05:03.584-07,https://www.ign.com/articles/2018/12/09/destiny-2-black-armory-review,5.5
82,Destiny 2: Shadowkeep,Destiny 2: Shadowkeep,2019-06-06 11:19:45.485-07,2019-09-30 12:47:40.634-07,https://www.ign.com/articles/2019/10/08/destiny-2-shadowkeep-review,7.9
83,Devotion,Devotion,2019-02-19 17:53:15.459-08,2019-02-26 16:41:54.459-08,https://www.ign.com/articles/2019/02/26/devotion-review,8.2
84,Diablero,Diablero,2018-12-10 05:19:57.542-08,2018-12-27 08:03:41.546-08,https://www.ign.com/articles/2018/12/26/netflixs-diablero-season-1-review,7.0
85,Dickinson,Dickinson,2019-08-26 15:30:19.47-07,2019-09-11 11:51:09.493-07,https://www.ign.com/articles/2019/11/01/dickinson-apple-tv-plus-review,6.0
86,Dirt Rally 2.0,Dirt Rally 2.0,2019-01-04 18:03:01.627-08,2019-03-29 15:18:40.049-07,https://www.ign.com/articles/2019/02/19/dirt-rally-20-review,8.5
87,Doctor Doom,Doctor Doom,2019-10-07 15:22:08.348-07,2019-10-07 15:24:25.789-07,https://www.ign.com/articles/2019/10/09/doctor-doom-1-review,6.8
88,Dogs,Dogs,2018-11-07 11:39:40.795-08,2018-11-16 14:38:39.152-08,https://www.ign.com/articles/2018/11/16/netflixs-dogs-season-1-review,8.5
89,Dolemite Is My Name,Dolemite Is My Name,2019-08-12 10:03:01.209-07,2019-09-12 14:49:40.086-07,https://www.ign.com/articles/2019/09/09/dolemite-is-my-name-review-netflix-eddie-murphy,7.0
90,Doom Patrol,Doom Patrol,2018-05-14 12:15:51.163-07,2019-01-30 10:31:18.384-08,https://www.ign.com/articles/2019/04/26/doom-patrol-season-1-episode-11-frances-patrol-review,8.4
91,Doraemon: Story of Seasons,Doraemon: Story of Seasons,2019-04-23 14:56:55.208-07,2019-10-29 09:50:51.874-07,https://www.ign.com/articles/2019/10/29/doraemon-story-of-seasons-review,5.5
92,Dracula [2020],Dracula,2019-12-30 12:14:34.456-08,2020-01-06 11:35:05.198-08,https://www.ign.com/articles/2020/01/06/netflixs-dracula-season-1-review,8.0
93,Dragon Ball Z: Kakarot,Dragon Ball Z: Kakarot,2019-01-27 21:03:41.421-08,2020-02-14 10:32:49.802-08,https://www.ign.com/articles/2020/01/16/ask-our-dragon-ball-z-kakarot-reviewer-anything,7.0
94,Earthquake Bird,Earthquake Bird,2019-11-02 05:44:03.835-07,2019-11-02 05:48:15.032-07,https://www.ign.com/articles/2019/11/15/earthquake-bird-movie-review-netflix,5.0
95,Edge of Spider-Geddon,Edge of Spider-Geddon,2018-08-14 10:39:52.126-07,2018-10-05 12:08:59.937-07,https://www.ign.com/articles/2018/08/15/spider-punk-brings-the-fun-to-marvels-spider-geddon-edge-of-spider-geddon-1-review,7.3
96,El Camino: A Breaking Bad Movie,Breaking Bad: El Camino,2018-11-07 04:46:28.906-08,2019-10-11 13:52:36.613-07,https://www.ign.com/articles/2019/10/11/el-camino-review-breaking-bad-movie,9.0
97,Eli,Eli,2019-09-24 13:46:46.16-07,2019-10-23 14:33:06.41-07,https://www.ign.com/articles/2019/10/18/netflix-eli-review,8.0
98,Elite,Elite,2018-10-15 13:35:39.461-07,2018-10-23 10:40:24.195-07,https://www.ign.com/articles/2018/10/23/elite-season-1-review-netflixs-high-school-drama-is-a-murder-mystery-worth-solving,8.8
99,Emergence,Emergence,2019-02-07 14:02:13.835-08,2019-09-23 20:43:38.339-07,https://www.ign.com/articles/2019/09/25/emergence-season-1-episode-1-review,7.0
100,Encore!,Encore!,2019-11-11 17:34:42.112-08,2019-11-13 09:06:27.403-08,https://www.ign.com/articles/2019/11/11/disney-plus-encore-review,6.0
101,Event Leviathan,Event Leviathan,2019-06-11 16:19:12.185-07,2019-06-11 16:19:54.808-07,https://www.ign.com/articles/2019/06/13/dcs-event-leviathan-delivers-mood-not-plot-event-leviathan-1-review,7.1
102,Evil,Evil,2019-05-09 16:26:59.021-07,2019-09-26 20:20:05.466-07,https://www.ign.com/articles/2019/09/27/evil-cbs-season-1-episode-1-premiere-review,7.6
103,F1 2019,F1 2019,2019-03-28 15:55:20.892-07,2019-07-24 16:31:55.982-07,https://www.ign.com/articles/2019/07/04/f1-2019-review,8.5
104,Fantastic Four [2018 - Current],Fantastic Four,2018-08-06 12:05:16.808-07,2018-08-06 12:05:56.893-07,https://www.ign.com/articles/2018/08/08/marvels-fantastic-four-relaunch-starts-slow-fantastic-four-1-review,6.8
105,Far Cry: New Dawn,Far Cry: New Dawn,2018-12-06 18:04:02.293-08,2019-05-27 14:50:47.599-07,https://www.ign.com/articles/2019/02/14/far-cry-new-dawn-review-2,7.5
106,Far Sector,Far Sector,2019-11-12 14:43:39.408-08,2019-11-12 14:48:49.127-08,https://www.ign.com/articles/2019/11/13/far-sector-1-review,9.1
107,FIFA 20,FIFA 20,2019-06-07 11:24:19.713-07,2020-01-13 20:41:57.308-08,https://www.ign.com/articles/2019/09/19/fifa-20-review,7.8
108,FIFA 20: Legacy Edition,FIFA 20,2019-06-12 16:58:42.266-07,2019-10-08 14:36:00.029-07,https://www.ign.com/articles/2019/09/27/fifa-20-legacy-edition-switch-review,4.0
109,Final Fantasy XIV Online: Shadowbringers,Final Fantasy XIV: Shadowbringers,2018-11-16 12:42:23.823-08,2019-11-14 14:44:51.277-08,https://www.ign.com/articles/2019/07/12/ffxiv-shadowbringers-review,9.5
110,Final Space,Final Space,2019-05-30 14:34:37.896-07,2019-05-30 14:34:37.896-07,https://www.ign.com/articles/2019/06/25/final-space-season-2-episode-1-the-toro-regatta-review,7.5
111,Firefly: The Comic Book Series,Firefly,2018-11-01 10:29:20.983-07,2018-11-01 10:29:20.983-07,https://www.ign.com/articles/2018/11/01/joss-whedons-firefly-finds-a-comfortable-new-home-at-boom-studios-firefly-1-review,7.6
112,Football Manager 2020,Football Manager 2020,2019-06-07 13:48:47.461-07,2020-01-13 16:18:01.591-08,https://www.ign.com/articles/2019/11/18/football-manager-2020-review,8.7
113,For All Mankind,For All Mankind,2019-06-03 16:11:05.644-07,2019-10-15 23:14:22.202-07,https://www.ign.com/articles/2019/11/01/for-all-mankind-review-apple-tv-plus,9.0
114,Forky Asks a Question,Forky Asks a Question,2019-08-22 12:47:55.162-07,2019-11-13 09:08:06.169-08,https://www.ign.com/articles/2019/11/07/disney-plus-forky-asks-a-question-review-episode-1-2,9.0
115,Forza Horizon 4: Fortune Island,Forza Horizon 4: Fortune Island,2018-12-19 16:37:40.851-08,2018-12-20 22:05:05.571-08,https://www.ign.com/articles/2018/12/21/forza-horizon-4-fortune-island-review,8.7
116,Forza Horizon 4: LEGO Speed Champions,Forza Horizon 4: LEGO Speed Champions,2019-06-09 14:08:14.892-07,2019-06-20 19:35:05.686-07,https://www.ign.com/articles/2019/06/20/forza-horizon-4-lego-speed-champions-review,7.8
117,Framing John DeLorean,Framing John DeLorean,2019-03-06 11:36:35.458-08,2019-06-05 15:34:45.68-07,https://www.ign.com/articles/2019/06/05/framing-john-delorean-review,8.5
118,Friendly Neighborhood Spider-Man [2019],Friendly Neighborhood Spider-Man,2019-01-07 12:09:56.549-08,2019-01-07 12:10:51.84-08,https://www.ign.com/articles/2019/01/09/new-spider-man-comic-proves-smaller-can-be-better-friendly-neighborhood-spider-man-1-review,8.3
119,FYRE: The Greatest Party That Never Happened,FYRE,2019-01-14 08:04:52.807-08,2019-01-23 18:00:20.552-08,https://www.ign.com/articles/2019/01/18/netflixs-fyre-the-greatest-party-that-never-happened-review,8.2
120,G.I. Joe [2019],G.I. Joe,2019-06-18 14:44:18.263-07,2019-09-16 16:27:13.299-07,https://www.ign.com/articles/2019/09/18/gi-joe-1-review-2,7.8
121,Ghostbusters: The Video Game Remastered,Ghostbusters Remastered,2019-05-30 11:16:58.982-07,2019-10-15 19:37:26.291-07,https://www.ign.com/articles/2019/10/12/ghostbusters-the-video-game-remastered-review,6.0
122,Ghoul,,2018-08-09 15:39:27.887-07,2018-08-24 10:25:31.413-07,https://www.ign.com/articles/2018/08/24/netflixs-ghoul-review,8.0
123,Go Go Power Rangers: Forever Rangers,Go Go Power Rangers: Forever Rangers,2019-06-17 18:46:01.465-07,2019-06-17 18:46:31.689-07,https://www.ign.com/articles/2019/06/20/the-power-rangers-have-another-epic-showdown-go-go-power-rangers-forever-rangers-1-review,8.8
124,Granblue Fantasy Versus,Granblue Fantasy Versus,2018-12-15 09:02:48.745-08,2020-02-11 16:45:58.028-08,https://www.ign.com/articles/2020/02/11/granblue-fantasy-versus-review,8.0
125,Green Book,Green Book,2018-08-14 08:47:11.367-07,2019-02-24 21:25:23.336-08,https://www.ign.com/articles/2019/02/24/green-book-review,5.9
126,Grid,Grid,2019-05-21 10:42:42.078-07,2020-01-13 16:18:34.207-08,https://www.ign.com/articles/2019/10/08/grid-review-5,8.0
127,Guardians of the Galaxy [2020],Guardians of the Galaxy,2020-01-21 11:02:14.526-08,2020-01-21 11:05:39.471-08,https://www.ign.com/articles/2020/01/23/guardians-of-the-galaxy-1-review-3,9.0
128,Guns Akimbo,Guns Akimbo,2019-04-30 12:07:30.639-07,2020-01-17 10:46:20.938-08,https://www.ign.com/articles/2019/09/13/guns-akimbo-review-daniel-radcliffe,7.5
129,Hades,Hades,2018-12-06 18:33:07.958-08,2018-12-12 17:10:05.348-08,https://www.ign.com/articles/2018/12/13/hades-early-access-review,8.8
130,Hanna,Hanna,2019-01-04 13:12:45.774-08,2019-05-27 14:12:38.707-07,https://www.ign.com/articles/2019/02/03/hanna-series-premiere-review-where-to-watch-amazon-super-bowl-big-game,9.0
131,Harriet,Harriet,2019-07-25 14:55:16.349-07,2019-10-29 14:27:36.85-07,https://www.ign.com/articles/2019/10/29/harriet-review,6.0
132,Heroes in Crisis,Heroes in Crisis,2018-09-25 12:38:39.149-07,2018-09-25 12:40:42.071-07,https://www.ign.com/articles/2018/09/26/dcs-heroes-in-crisis-is-a-brutal-read-heroes-in-crisis-1-review,8.4
133,High Fidelity: The Series,High Fidelity,2018-08-17 17:46:26.006-07,2020-02-14 16:05:05.905-08,https://www.ign.com/articles/2020/02/14/high-fidelity-season-1-review-hulu,7.0
134,Honey Boy,Honey Boy,2019-08-07 12:27:06.187-07,2019-11-05 12:32:18.976-08,https://www.ign.com/articles/2019/11/05/honey-boy-review,7.9
135,House of X,House of X,2019-05-14 13:08:49.443-07,2019-08-28 14:04:51.521-07,https://www.ign.com/articles/2019/09/04/house-of-x-4-review,9.4
136,Hustlers,Hustlers,2019-07-17 17:04:10.877-07,2019-09-12 14:46:53.02-07,https://www.ign.com/articles/2019/09/09/hustlers-review,9.0
137,I Am Mother,I Am Mother,2019-02-06 08:50:39.719-08,2019-06-06 18:34:06.416-07,https://www.ign.com/articles/2019/06/06/netflix-i-am-mother-review,7.9
138,I Lost My Body,I Lost My Body,2019-05-25 17:58:20.064-07,2019-12-05 10:59:26.723-08,https://www.ign.com/articles/2019/12/05/i-lost-my-body-netflix-review,8.8
139,If Beale Street Could Talk,If Beale Street Could Talk,2018-09-20 06:48:04.901-07,2019-01-11 17:46:23.14-08,https://www.ign.com/articles/2019/01/11/if-beale-street-could-talk-review,9.5
140,In the Shadow of the Moon [2019],In the Shadow of the Moon,2019-09-25 15:08:20.422-07,2019-09-25 15:53:14.2-07,https://www.ign.com/articles/2019/09/26/in-the-shadow-of-the-moon-review-netflix-movie,7.0
141,Instant Family,Instant Family,2018-08-14 11:23:53.17-07,2018-11-19 17:27:11.23-08,https://www.ign.com/articles/2018/11/14/instant-family-review,8.0
142,Invisible Woman [2019],Invisible Woman,2019-07-09 10:59:20.217-07,2019-07-11 12:54:34.168-07,https://www.ign.com/articles/2019/07/10/invisible-womans-new-series-needs-a-stronger-hook-invisible-woman-1-review,6.5
143,Ironheart,Ironheart,2018-08-20 09:51:16.601-07,2018-11-28 05:35:11.056-08,https://www.ign.com/articles/2018/11/28/marvels-ironheart-rises-above-its-shortcomings-ironheart-1-review,7.2
144,John Wick Hex,John Wick Hex,2019-05-08 10:35:08.129-07,2019-10-08 16:57:38.806-07,https://www.ign.com/articles/2019/10/08/john-wick-hex-review,6.8
145,Joker: Killer Smile,Joker: Killer Smile,2019-07-11 12:23:46.825-07,2019-07-11 15:32:46.772-07,https://www.ign.com/articles/2019/10/30/joker-killer-smile-1-review,8.5
146,Jonathan Helpert's IO,IO,2019-01-09 11:35:24.507-08,2019-01-17 14:52:44.981-08,https://www.ign.com/articles/2019/01/17/netflixs-io-review-anthony-mackie,6.0
147,Journey to the Savage Planet,Journey to the Savage Planet,2018-12-06 18:28:29.567-08,2020-01-27 13:55:03.811-08,https://www.ign.com/articles/2020/01/27/journey-to-the-savage-planet-review,6.0
148,Just Mercy,Just Mercy,2019-07-16 15:25:17.648-07,2019-09-13 02:07:25.437-07,https://www.ign.com/articles/2019/09/07/just-mercy-review,8.0
149,Justice League / Aquaman: Drowned Earth,,2018-08-22 00:29:42.891-07,2018-08-22 00:31:47.695-07,https://www.ign.com/articles/2018/10/31/dcs-drowned-earth-features-epic-carnage-and-a-familair-plot-justice-leagueaquaman-drowned-earth-1-review,7.4
150,Justice League vs. The Fatal Five,Justice League vs. The Fatal Five,2019-01-07 14:41:52.703-08,2019-08-09 23:27:26.053-07,https://www.ign.com/articles/2019/04/16/justice-league-vs-the-fatal-five-review-2,7.2
151,Katy Keene,Katy Keene,2019-01-24 06:07:21.753-08,2020-02-03 10:33:35.618-08,https://www.ign.com/articles/2020/02/07/katy-keene-episode-1-premiere-review,7.0
152,Kin,Kin,2018-08-07 14:55:49.481-07,2018-08-30 12:05:35.299-07,https://www.ign.com/articles/2018/08/28/kin-review,5.1
153,King Thor [2019],King Thor,2019-09-06 14:21:42.639-07,2019-09-06 14:22:38.543-07,https://www.ign.com/articles/2019/09/11/king-thor-1-review,9.0
154,Kingdom Hearts III Re Mind,Kingdom Hearts 3 ReMind,2019-06-14 16:56:12.401-07,2020-01-28 12:34:08.627-08,https://www.ign.com/articles/2020/01/28/kingdom-hearts-3-re-mind-dlc-review,6.0
155,Klaus,Klaus,2018-11-06 12:37:28.919-08,2019-11-12 14:35:05.933-08,https://www.ign.com/articles/2019/11/12/klaus-movie-2019-netflix-review,8.3
156,Knives Out,Knives Out,2018-09-04 10:42:23.598-07,2020-01-06 09:49:03.763-08,https://www.ign.com/articles/2019/09/10/knives-out-review,8.5
157,Last Christmas,Last Christmas,2019-08-14 13:08:17.06-07,2019-11-06 12:25:05.687-08,https://www.ign.com/articles/2019/11/06/last-christmas-review,6.5
158,Layers of Fear 2,Layers of Fear 2,2018-10-25 13:46:54.61-07,2019-05-24 14:23:12.879-07,https://www.ign.com/articles/2019/05/24/layers-of-fear-2-review,9.0
159,Legacies,Legacies,2018-05-17 08:16:18.295-07,2018-10-25 19:05:39.278-07,https://www.ign.com/articles/2018/10/25/legacies-series-premiere-review,8.3
160,Legion of Super-Heroes [2019],Legion of Super-Heroes,2019-11-05 14:58:24.5-08,2019-11-05 15:02:04.883-08,https://www.ign.com/articles/2019/11/08/legion-of-super-heroes-1-review-2,8.8
161,Like Father,Like Father,2018-08-03 14:38:09.434-07,2018-08-06 17:08:38.455-07,https://www.ign.com/articles/2018/08/03/netflixs-like-father-review,5.0
162,Limetown,,2018-10-09 13:46:10.074-07,2020-01-17 13:42:23.395-08,https://www.ign.com/articles/2019/10/21/limetown-review-facebook-watch,6.5
163,Lincoln Rhyme: Hunt for the Bone Collector,Lincoln Rhyme: Hunt for the Bone Collector,2019-05-13 08:57:06.7-07,2020-01-08 09:38:15.861-08,https://www.ign.com/articles/2020/01/10/lincoln-rhyme-hunt-for-the-bone-collector-pilot-review,6.0
164,Little Women [2019],Little Women,2019-08-13 09:11:33.377-07,2019-12-24 10:30:19.108-08,https://www.ign.com/articles/2019/12/24/little-women-review-2019-movie,8.8
165,Livewire,,2018-12-04 16:58:52.972-08,2018-12-04 17:10:01.877-08,https://www.ign.com/articles/2018/12/04/valiants-newest-series-features-a-compelling-heroine-livewire-1-review,7.2
166,Living With Yourself,Living With Yourself,2018-08-10 08:28:57.887-07,2019-10-18 18:23:25.855-07,https://www.ign.com/articles/2019/10/18/netflix-living-with-yourself-season-1-review,8.0
167,Lois Lane [2019],Lois Lane,2019-07-02 07:29:26.249-07,2019-07-02 07:30:07.993-07,https://www.ign.com/articles/2019/07/03/lois-lane-gets-a-worthy-superman-spinoff-series-lois-lane-1-review,8.6
168,"Love, Death and Robots","Love, Death and Robots",2019-01-07 11:40:57.002-08,2019-03-11 17:27:38.59-07,https://www.ign.com/articles/2019/03/15/netflix-love-death-and-robots-review-season-1,8.0
169,Lucy in the Sky,Lucy in the Sky,2019-08-26 11:40:40.528-07,2019-09-12 16:36:20.913-07,https://www.ign.com/articles/2019/09/12/lucy-in-the-sky-review,6.0
170,Lupin III: The First,Lupin III: The First,2019-12-23 08:34:49.728-08,2019-12-26 09:17:40.346-08,https://www.ign.com/articles/2019/12/26/lupin-iii-the-first-review,7.5
171,Ma,Ma,2019-05-29 10:55:51.49-07,2019-05-29 17:04:45.181-07,https://www.ign.com/articles/2019/05/29/ma-review,5.0
172,Madden NFL 20,Madden 20,2019-04-25 16:04:36.71-07,2020-01-02 10:32:55.286-08,https://www.ign.com/articles/2019/07/30/madden-nfl-20-review,8.1
173,Made in Abyss: Journey's Dawn,Made in Abyss: Journey's Dawn,2019-03-18 16:31:29.41-07,2019-03-24 12:05:05.707-07,https://www.ign.com/articles/2019/03/24/made-in-abyss-journeys-dawn-review,8.0
174,Malevolent,Malevolent,2018-09-21 17:45:49.306-07,2018-10-11 17:00:30.828-07,https://www.ign.com/articles/2018/10/11/netflix-malevolent-review-horror-movie,4.0
175,Man Without Fear [2019],Man Without Fear,2019-01-02 11:04:40.235-08,2019-01-02 11:05:45.132-08,https://www.ign.com/articles/2019/01/02/daredevil-gets-stuck-in-limbo-man-without-fear-1-review,4.3
176,Manifest,Manifest,2018-05-10 10:03:25.222-07,2018-09-25 00:29:58.002-07,https://www.ign.com/articles/2018/09/24/manifest-premiere-review-season-1-episode-1,6.5
177,Mario & Sonic at the Olympic Games Tokyo 2020,Mario and Sonic at the Tokyo 2020 Olympics,2019-03-30 00:18:22.52-07,2019-11-05 06:30:39.214-08,https://www.ign.com/articles/2019/11/05/mario-sonic-at-the-olympic-games-tokyo-2020-review,6.4
178,Marriage Story,Marriage Story,2019-08-20 11:16:36.837-07,2019-12-06 14:44:35.82-08,https://www.ign.com/articles/2019/12/06/marriage-story-netflix-review,8.0
179,Marvel Hero Project,Marvel Hero Project,2019-11-06 11:52:12.909-08,2019-11-13 09:08:06.713-08,https://www.ign.com/articles/2019/11/06/disney-plus-marvel-hero-project-premiere-review,7.5
180,Marvel Knights: 20th,Marvel Knights: 20th,2018-11-06 12:33:37.613-08,2018-11-06 12:34:07.887-08,https://www.ign.com/articles/2018/11/07/the-new-marvel-knights-doesnt-live-up-to-the-original-yet-marvel-knights-20th-1-review,6.3
181,Marvel Rising: Initiation,Marvel Rising,2018-07-20 14:20:49.366-07,2018-08-13 17:04:27.826-07,https://www.ign.com/articles/2018/08/09/marvel-rising-initiation-review,8.0
182,Marvel Ultimate Alliance 3: The Black Order,Marvel Ultimate Alliance 3,2018-12-06 18:10:21.182-08,2019-08-05 17:06:20.526-07,https://www.ign.com/articles/2019/07/18/marvel-ultimate-alliance-3-the-black-order-review,7.8
183,Marvels Epilogue,Marvels Epilogue,2019-07-24 09:53:12.437-07,2019-07-24 09:54:20.509-07,https://www.ign.com/articles/2019/07/24/marvels-epilogue-is-short-sweet-and-pricey-marvels-epilogue-1-review,7.0
184,Mega Man Zero/ZX Legacy Collection,Mega Man Zero/ZX Collection,2019-08-28 10:41:55.239-07,2020-02-24 08:01:45.501-08,https://www.ign.com/articles/2020/02/24/mega-man-zerozx-legacy-collection-review,8.0
185,Mercy Black,Mercy Black,2019-03-28 14:56:31.228-07,2019-03-31 00:05:42.401-07,https://www.ign.com/articles/2019/03/31/netflix-and-blumhouses-mercy-black-review,5.5
186,Messiah,Messiah,2019-12-03 12:55:51.777-08,2020-01-02 12:40:06.132-08,https://www.ign.com/articles/2020/01/02/netflixs-messiah-season-1-review,6.0
187,Midsommar,Midsommar,2019-03-05 15:06:57.323-08,2019-07-02 20:38:08.438-07,https://www.ign.com/articles/2019/07/02/midsommar-review,8.8
188,Miss Bala,Miss Bala,2018-10-16 12:11:56.827-07,2019-02-07 15:30:00.248-08,https://www.ign.com/articles/2019/01/31/miss-bala-review,5.3
189,MLB The Show 19,MLB The Show 19,2018-11-02 11:26:29.83-07,2019-05-24 14:00:18.325-07,https://www.ign.com/articles/2019/03/29/mlb-the-show-review,8.7
190,Monster Energy Supercross -- The Official Videogame 3,Monster Energy Supercross 3,2019-10-23 10:22:32.468-07,2020-02-03 14:05:57.164-08,https://www.ign.com/articles/2020/01/31/monster-energy-supercross-the-official-videogame-3-review,7.0
191,Monster Hunter World: Iceborne,Monster Hunter World: Iceborne,2019-02-28 15:09:28.345-08,2020-01-08 08:47:43.266-08,https://www.ign.com/articles/2019/09/04/monster-hunter-world-iceborne-review,9.0
192,Mordhau,Mordhau,2019-04-22 13:19:36.596-07,2019-05-23 17:50:05.959-07,https://www.ign.com/articles/2019/05/24/mordhau-review,8.2
193,Mortal Kombat 11,Mortal Kombat 11,2018-12-06 19:58:59.234-08,2019-11-27 12:19:07.503-08,https://www.ign.com/articles/2019/11/27/mortal-kombat-11-sindel-dlc-review,8.5
194,Motherless Brooklyn,Motherless Brooklyn,2019-08-22 10:37:45.959-07,2019-09-24 10:37:10.12-07,https://www.ign.com/articles/2019/09/17/motherless-brooklyn-review,6.6
195,Mutant Year Zero: Seed of Evil,Mutant Year Zero: Seed of Evil,2019-07-29 14:35:50.823-07,2019-07-30 04:05:06.268-07,https://www.ign.com/articles/2019/07/30/mutant-year-zero-seed-of-evil-dlc-review,7.1
196,Mythic Quest: Raven's Banquet,Mythic Quest,2019-03-25 15:43:53.424-07,2020-02-03 13:42:33.469-08,https://www.ign.com/articles/2020/02/07/mythic-quest-review-season-1-apple-tv-plus,6.0
197,Nancy Drew,Nancy Drew,2019-05-08 16:27:29.649-07,2019-10-09 10:37:14.535-07,https://www.ign.com/articles/2019/10/09/nancy-drew-the-cw-tv-series-review,7.5
198,Narcos: Mexico,Narcos: Mexico,2018-07-18 10:32:40.882-07,2018-11-25 10:09:52.976-08,https://www.ign.com/articles/2018/11/18/narcos-mexico-season-1-review,8.4
199,NBA 2K20,NBA 2K20,2019-06-03 15:16:00.675-07,2019-09-27 17:17:48.671-07,https://www.ign.com/articles/2019/09/09/nba-2k20-review,7.8
200,Need for Speed Heat,Need for Speed Heat,2019-08-14 09:39:38.433-07,2019-12-16 15:37:54.402-08,https://www.ign.com/articles/2019/11/08/need-for-speed-heat-review,8.0
201,NHL 20,NHL 20,2019-06-24 14:04:27.914-07,2019-09-27 17:42:11.492-07,https://www.ign.com/articles/2019/09/13/nhl-20-review,7.9
202,Night Hunter,Night Hunter,2018-11-28 11:40:14.656-08,2019-09-04 11:57:36.562-07,https://www.ign.com/articles/2019/09/04/night-hunter-review,4.5
203,Nintendo Labo VR Kit,Nintendo Labo VR Kit,2019-03-06 17:36:44.868-08,2019-08-01 18:01:53.454-07,https://www.ign.com/articles/2019/04/16/nintendo-labo-vr-kit-review,7.9
204,Nintendo Switch Lite,Nintendo Switch Lite,2019-07-10 13:45:21.564-07,2019-09-26 19:54:11.713-07,https://www.ign.com/articles/2019/09/26/nintendo-switch-lite-review,8.3
205,NOS4A2,NOS4A2,2019-03-06 16:55:11.054-08,2019-03-11 17:31:09.433-07,https://www.ign.com/articles/2019/03/12/nos4a2-series-premiere-review-amc-sxsw-vampire-show-joe-hill-stephen-king,6.5
206,Observation,Observation,2018-10-08 13:27:36.214-07,2019-07-26 18:34:11.177-07,https://www.ign.com/articles/2019/05/21/observation-review,9.0
207,Old Lady Harley,Old Lady Harley,2018-10-24 10:20:32.253-07,2018-10-24 10:20:57.622-07,https://www.ign.com/articles/2018/10/24/harley-quinns-future-is-looking-goofy-old-lady-harley-1-review,7.0
208,Once & Future,Once & Future,2019-08-13 10:50:04.135-07,2019-08-13 10:50:39.379-07,https://www.ign.com/articles/2019/08/14/once-future-1-review,8.3
209,Once Upon a Deadpool,Once Upon a Deadpool,2018-11-05 15:31:37.202-08,2018-12-12 14:34:54.366-08,https://www.ign.com/articles/2018/12/12/once-upon-a-deadpool-review,5.0
210,One Piece: Stampede,One Piece: Stampede,2019-09-12 15:16:51.175-07,2019-10-24 15:09:02.711-07,https://www.ign.com/articles/2019/10/23/one-piece-stampede-review,8.0
211,Oninaki,Oninaki,2019-02-13 14:17:57.031-08,2019-08-27 15:48:33.79-07,https://www.ign.com/articles/2019/08/23/oninaki-review,7.4
212,Origin,Origin,2018-09-24 16:59:10.366-07,2018-11-19 15:11:33.316-08,https://www.ign.com/articles/2018/11/19/youtubes-origin-season-1-review,5.7
213,Overland,Overland,2019-03-20 10:38:02.684-07,2019-09-25 14:22:16.297-07,https://www.ign.com/articles/2019/09/24/overland-review,7.5
214,Parasite,Parasite,2019-08-14 12:53:51.506-07,2019-09-12 15:23:27.272-07,https://www.ign.com/articles/2019/09/07/parasite-review,9.5
215,Party of Five [2020],Party of Five,2020-01-08 09:21:08.202-08,2020-01-08 18:06:25.965-08,https://www.ign.com/articles/2020/01/08/party-of-five-reboot-series-premiere-review,8.0
216,Pathway,Pathway,2019-04-17 13:44:09.96-07,2019-04-17 15:30:05.408-07,https://www.ign.com/articles/2019/04/17/pathway-review,7.0
217,Pearl [2018],Pearl,2018-08-14 10:53:16.956-07,2018-08-14 10:59:33.32-07,https://www.ign.com/articles/2018/08/15/pearl-1-is-a-gorgeous-crime-comic-pearl-1-review,8.1
218,Penguin Highway,Penguin Highway,2019-04-05 15:04:45.279-07,2019-04-05 15:16:11.089-07,https://www.ign.com/articles/2019/04/11/penguin-highway-review,8.0
219,Pennyworth,Pennyworth,2018-05-16 09:52:55.88-07,2019-07-25 15:02:37.225-07,https://www.ign.com/articles/2019/07/17/pennyworth-tv-show-review-epix-episode-1-premiere,9.0
220,PES 2020,PES 2020,2019-06-11 13:38:10.383-07,2019-09-26 09:31:10.75-07,https://www.ign.com/articles/2019/09/26/efootball-pes-2020-review,8.3
221,Pistol Whip,Pistol Whip,2019-09-25 11:14:07.208-07,2019-11-07 17:07:46.616-08,https://www.ign.com/articles/2019/11/07/pistol-whip-review,8.0
222,Planet Zoo,Planet Zoo,2019-04-24 15:41:24.282-07,2019-12-03 14:01:36.743-08,https://www.ign.com/articles/2019/11/13/planet-zoo-review,8.5
223,Playing with Fire,Playing with Fire,2019-07-17 11:16:33.005-07,2019-07-17 11:20:17.692-07,https://www.ign.com/articles/2019/11/07/playing-with-fire-review,7.5
224,Point Blank [2019],Point Blank,2019-06-20 08:41:32.282-07,2019-07-12 08:59:24.368-07,https://www.ign.com/articles/2019/07/12/netflixs-point-blank-review,5.8
225,Pokemon Sword,Pokemon Sword,2019-02-27 09:03:49.387-08,2019-12-03 14:02:49.087-08,https://www.ign.com/articles/2019/11/13/pokemon-sword-and-shield-review,9.3
226,Pokemon: Mewtwo Strikes Back -- Evolution,Pokemon: Mewtwo Strikes Back Evolution,2019-01-05 22:46:13.851-08,2019-11-27 14:34:44.746-08,https://www.ign.com/articles/2019/08/12/pokemon-mewtwo-strikes-back-evolution-review,5.0
227,Power Rangers: Battle for the Grid,Power Rangers: Battle for the Grid,2019-03-04 11:21:58.063-08,2019-08-26 18:18:55.022-07,https://www.ign.com/articles/2019/03/28/power-rangers-battle-for-the-grid-review,6.8
228,Powers of X,,2019-05-14 13:08:36.328-07,2019-05-14 13:37:06.149-07,https://www.ign.com/articles/2019/08/21/powers-of-x-3-review,9.0
229,Prodigal Son,Prodigal Son,2019-05-10 14:34:41.061-07,2019-09-23 19:20:09.126-07,https://www.ign.com/articles/2019/09/23/prodigal-son-season-1-episode-1-review,7.8
230,Prodigy,Prodigy,2018-08-13 12:38:08.216-07,2018-12-04 14:50:18.421-08,https://www.ign.com/articles/2018/12/05/prodigys-beauty-is-only-skin-deep-prodigy-1-review,5.6
231,Promare,Promare,2019-07-01 11:09:03.435-07,2019-09-20 16:53:26.982-07,https://www.ign.com/articles/2019/09/20/promare-review,8.0
232,Psikyo Shooting Stars Alpha,Psikyo Shooting Stars Alpha,2019-09-19 12:49:24.073-07,2020-02-03 16:20:33.509-08,https://www.ign.com/articles/2020/01/21/psikyo-shooting-stars-alpha-review,7.0
233,Queen & Slim,Queen & Slim,2019-06-24 04:12:19.469-07,2019-11-22 16:34:34.625-08,https://www.ign.com/articles/2019/11/18/queen-and-slim-review,9.0
234,Rad,Rad,2019-03-20 09:23:44.059-07,2019-08-27 15:52:38.655-07,https://www.ign.com/articles/2019/08/17/rad-review,7.6
235,Ragnarok,Ragnarok,2020-02-10 10:56:38.531-08,2020-02-10 11:26:14.445-08,https://www.ign.com/articles/2020/02/10/netflixs-ragnarok-season-1-review,7.0
236,Ready or Not,Ready or Not,2019-05-07 13:36:37.956-07,2019-08-21 13:45:18.656-07,https://www.ign.com/articles/2019/08/21/ready-or-not-review,7.6
237,Reign of the Supermen,Reign of the Supermen,2018-10-06 19:57:10.123-07,2019-02-07 15:30:49.749-08,https://www.ign.com/articles/2019/01/29/reign-of-the-supermen-review,6.5
238,Ride Your Wave,Ride Your Wave,2020-02-19 15:45:28.262-08,2020-02-19 15:53:52.862-08,https://www.ign.com/articles/2020/02/19/ride-your-wave-review,7.0
239,Ring Fit Adventure,Ring Fit Adventure,2019-09-05 15:59:03.205-07,2019-11-05 15:29:45.095-08,https://www.ign.com/articles/2019/10/17/ring-fit-adventure-for-nintendo-switch-review,7.8
240,ROMA,ROMA,2018-08-29 16:12:17.802-07,2018-12-16 00:08:28.94-08,https://www.ign.com/articles/2018/09/19/roma-review-netflix-alfonso-cuaron,9.8
241,Ronin Island,Ronin Island,2019-03-04 10:03:21.623-08,2019-03-04 10:05:18.889-08,https://www.ign.com/articles/2019/03/06/ronin-island-brings-historical-fantasy-to-feudal-japan-ronin-island-1-review,7.2
242,Russian Doll,Russian Doll,2019-01-25 15:29:37.354-08,2019-02-18 19:35:43.674-08,https://www.ign.com/articles/2019/02/18/netflixs-russian-doll-review-season-1,10.0
243,Sacred Games,Sacred Games,2018-06-19 13:30:15.538-07,2018-07-11 14:46:41.783-07,https://www.ign.com/articles/2018/07/11/netflixs-sacred-games-season-1-review,5.5
244,Samurai Jack: Lost Worlds,Samurai Jack: Lost Worlds,2019-05-07 15:14:48.144-07,2019-05-07 15:16:46.655-07,https://www.ign.com/articles/2019/05/08/samurai-jack-makes-a-welcome-return-samurai-jack-lost-worlds-1-review,7.9
245,Sayonara Wild Hearts,Sayonara Wild Hearts,2018-12-06 20:20:43.674-08,2019-09-27 17:45:30.048-07,https://www.ign.com/articles/2019/09/17/sayonara-wild-hearts-review,7.9
246,Scarlet [2018 - Current],Scarlet,2018-08-28 10:25:43.931-07,2018-08-28 10:26:36.648-07,https://www.ign.com/articles/2018/08/29/scarlet-finds-a-great-new-home-at-dc-scarlet-1-review,8.3
247,Scrawl,Scrawl,2019-06-27 12:46:17.049-07,2019-06-27 16:22:36.081-07,https://www.ign.com/articles/2019/06/27/scrawl-review-daisy-ridley-movie,2.0
248,SEGA Genesis Mini,SEGA Genesis Mini,2019-03-30 00:34:45.836-07,2019-10-01 13:39:11.094-07,https://www.ign.com/articles/2019/09/12/sega-genesis-mini-review,9.0
249,Seis Manos,Seis Manos,2018-05-09 15:02:55.23-07,2019-10-11 11:18:18.576-07,https://www.ign.com/articles/2019/10/10/netflixs-seis-manos-season-1-review,7.0
250,Servant,Servant,2019-03-25 15:46:32.594-07,2019-11-20 13:49:30.624-08,https://www.ign.com/articles/2019/11/28/m-night-shyamalans-servant-season-1-episode-1-reborn-review,8.0
251,Shuri,Shuri,2018-10-16 20:57:02.14-07,2018-10-16 20:57:28.964-07,https://www.ign.com/articles/2018/10/17/marvel-gives-shuri-the-comic-she-deserves-shuri-1-review,7.5
252,Sid Meier's Civilization VI: Gathering Storm,Civilization 6: Gathering Storm,2018-11-20 10:17:48.827-08,2019-02-11 14:07:18.673-08,https://www.ign.com/articles/2019/02/11/civilization-vi-gathering-storm-review,8.5
253,Silver Surfer: Black,Silver Surfer: Black,2019-06-11 16:24:09.239-07,2019-06-11 16:27:00.181-07,https://www.ign.com/articles/2019/06/12/silver-surfer-has-never-looked-better-silver-surfer-black-1-review,8.8
254,SolSeraph,SolSeraph,2019-06-26 11:28:52.114-07,2019-07-05 10:32:43.226-07,https://www.ign.com/articles/2019/07/09/solseraph-review,6.5
255,Spencer and Locke 2,Spencer and Locke 2,2019-01-25 10:09:39.523-08,2019-01-25 10:12:37.823-08,https://www.ign.com/articles/2019/01/25/our-favorite-calvin-hobbes-crime-parody-returns-spencer-locke-2-1-review,8.5
256,Spider-Force,Spider-Force,2018-08-22 00:01:26.607-07,2018-10-31 06:54:27.44-07,https://www.ign.com/articles/2018/10/31/plot-isnt-the-draw-for-marvels-spider-force-spider-force-1-review,7.2
257,Spider-Geddon,Spider-Geddon,2018-09-25 12:53:59.179-07,2018-09-25 12:55:26.767-07,https://www.ign.com/articles/2018/10/10/spider-geddon-rehashes-an-old-favorite-spider-geddon-1-review,6.7
258,Spider-Man [J.J. Abrams],Spider-Man,2019-06-20 11:49:20.147-07,2019-09-16 16:28:44.433-07,https://www.ign.com/articles/2019/09/18/jj-abrams-spider-man-1-review,8.4
259,Spider-Man: Life Story,Spider-Man: Life Story,2019-03-19 15:42:38.35-07,2019-03-19 15:43:22.851-07,https://www.ign.com/articles/2019/03/20/marvel-puts-a-fresh-spin-on-spider-mans-past-spider-man-life-story-1-review,8.7
260,Stan & Ollie,Stan & Ollie,2018-09-19 08:07:12.806-07,2018-12-28 19:48:19.66-08,https://www.ign.com/articles/2018/12/28/stan-and-ollie-review,9.5
261,Star Trek: Picard,,2018-08-05 09:12:08.774-07,2019-12-16 06:17:34.038-08,https://www.ign.com/articles/2020/01/24/picard-review-premiere-episode-1,7.0
262,Star Trek: Short Treks,,2018-08-05 09:14:39.549-07,2019-10-10 15:20:05.153-07,https://www.ign.com/articles/2019/10/10/star-trek-short-treks-qa-review-recap-spock-number-one-pike-enterprise,6.5
263,Star Wars: Target Vader [2019],Star Wars: Target Vader,2019-07-02 07:38:12-07,2019-07-02 07:41:54.036-07,https://www.ign.com/articles/2019/07/03/did-marvel-need-another-darth-vader-comic-star-wars-target-vader-1-review,6.2
264,SteamWorld Quest: Hand of Gilgamech,SteamWorld Quest,2019-01-23 10:22:03.537-08,2019-04-25 18:13:23.718-07,https://www.ign.com/articles/2019/04/23/steamworld-quest-review,8.6
265,Stranger Things 3: The Game,Stranger Things: The Game,2018-12-06 19:55:49.356-08,2020-01-06 20:01:27.129-08,https://www.ign.com/articles/2019/07/06/stranger-things-3-the-game-review,6.9
266,Stuber,Stuber,2019-05-07 13:24:53.203-07,2019-07-05 10:36:52.33-07,https://www.ign.com/articles/2019/07/10/stuber-review,5.0
267,Stumptown,Stumptown,2019-01-29 15:07:26.418-08,2019-09-25 21:47:04.682-07,https://www.ign.com/articles/2019/09/25/stumptown-season-1-episode-1-forget-it-dex-its-stumptown-review,8.3
268,Super Mario Maker 2,Super Mario Maker 2,2019-02-13 14:16:17.171-08,2019-07-24 18:11:04.203-07,https://www.ign.com/articles/2019/06/26/super-mario-maker-2-review,9.5
269,Super Smash Bros. Ultimate: Joker Challenger Pack,Super Smash Ultimate: Joker Challenger Pack,2019-04-18 13:05:29.583-07,2019-05-26 11:59:54.46-07,https://www.ign.com/articles/2019/04/18/super-smash-bros-ultimate-joker-challenger-pack-dlc-review,8.5
270,Superman: Year One,Superman: Year One,2019-05-16 05:57:48.268-07,2019-05-16 05:58:37.355-07,https://www.ign.com/articles/2019/05/16/dc-gives-supermans-origin-a-troubling-overhaul-superman-year-one-1-review,5.7
271,Swamp Thing,Swamp Thing,2018-06-28 07:44:20.002-07,2019-06-07 09:07:57.103-07,https://www.ign.com/articles/2019/06/07/swamp-thing-season-1-premiere-review,8.2
272,Sword Art Online Alternative: Gun Gale Online,,2018-04-05 03:02:34.322-07,2018-04-09 13:47:47.024-07,https://www.ign.com/articles/2018/04/09/sword-art-online-alternative-gale-gun-online-episode-1-squad-jam-review,5.0
273,Teen Titans Go! Vs. Teen Titans,Titans Go Vs Teen Titans,2019-06-24 11:26:30.952-07,2019-07-21 15:00:54.744-07,https://www.ign.com/articles/2019/07/21/teen-titans-go-vs-teen-titans-movie-review,8.5
274,Tenki no Ko: Weathering With You,Tenki no Ko: Weathering With You,2018-12-14 12:47:11.375-08,2020-01-16 10:47:53.2-08,https://www.ign.com/articles/2020/01/16/weathering-with-you-review,8.0
275,Terminator: Resistance,Terminator: Resistance,2019-09-19 10:53:52.804-07,2019-12-03 00:01:25.075-08,https://www.ign.com/articles/2019/11/15/terminator-resistance-review,4.0
276,Tetris 99,Tetris 99,2019-02-13 14:25:43.23-08,2019-09-27 17:34:18.886-07,https://www.ign.com/articles/2019/02/19/tetris-99-review,8.5
277,The Aeronauts,The Aeronauts,2019-08-29 06:51:33.447-07,2019-12-03 15:41:05.991-08,https://www.ign.com/articles/2019/12/03/the-aeronauts-review,4.8
278,The Amazing Mary Jane,The Amazing Mary Jane,2019-10-23 09:51:28.211-07,2019-10-23 09:51:50.163-07,https://www.ign.com/articles/2019/10/23/the-amazing-mary-jane-1-review,6.2
279,The Art of Self-Defense,The Art of Self-Defense,2019-07-09 14:09:47.269-07,2019-07-11 16:39:58.763-07,https://www.ign.com/articles/2019/07/10/the-art-of-self-defense-review,8.9
280,The Batman's Grave,Batman's Grave,2019-07-16 15:04:26.022-07,2019-07-16 15:17:01.75-07,https://www.ign.com/articles/2019/10/09/the-batmans-grave-1-review,7.5
281,The C64,The C64,2020-01-13 15:13:22.667-08,2020-01-13 16:56:30.734-08,https://www.ign.com/articles/2020/01/13/the-c64-review,8.0
282,The Clovehitch Killer,The Clovehitch Killer,2018-11-08 16:53:29.221-08,2018-11-09 14:15:02.473-08,https://www.ign.com/articles/2018/11/09/the-clovehitch-killer-review,8.0
283,The Dark Crystal: Age of Resistance Tactics,The Dark Crystal Tactics,2019-06-11 09:12:24.102-07,2020-02-04 00:15:05.542-08,https://www.ign.com/articles/2020/02/04/the-dark-crystal-age-of-resistance-tactics-review,5.0
284,The Dirt,The Dirt,2019-02-19 09:28:26.994-08,2019-03-30 15:24:56.503-07,https://www.ign.com/articles/2019/03/29/netflixs-the-dirt-review-motley-crue,7.8
285,The Dragon Prince,The Dragon Prince,2018-07-10 11:03:38.765-07,2018-09-10 08:31:21.246-07,https://www.ign.com/articles/2019/02/15/netflixs-the-dragon-prince-season-2-review,8.7
286,The Elder Scrolls Online: Elsweyr,Elder Scrolls Online: Elsweyr,2019-02-28 14:52:37.192-08,2019-07-26 19:11:42.78-07,https://www.ign.com/articles/2019/06/04/the-elder-scrolls-online-elsweyr-review,8.0
287,The Gentlemen,The Gentlemen,2019-08-02 22:14:06.707-07,2019-11-20 06:25:50.87-08,https://www.ign.com/articles/2020/01/22/the-gentlemen-review,4.0
288,The Goldfinch,The Goldfinch,2019-03-22 13:12:25.846-07,2019-09-27 16:55:42.932-07,https://www.ign.com/articles/2019/09/08/the-goldfinch-review,7.0
289,The Imagineering Story,The Imagineering Story,2019-11-11 18:13:16.44-08,2019-11-11 18:16:11.936-08,https://www.ign.com/articles/2019/11/11/disney-plus-imagineering-story-review,6.5
290,The Innocent Man,The Innocent Man,2018-11-19 08:17:34.117-08,2018-11-19 08:19:10.992-08,https://www.ign.com/articles/2018/12/14/netflixs-the-innocent-man-season-1-review,7.5
291,The Invaders [2019],The Invaders,2019-01-14 09:08:24.607-08,2019-01-14 09:09:00.944-08,https://www.ign.com/articles/2019/01/16/marvels-namor-renaissance-continues-the-invaders-1-review,8.6
292,The Kitchen,The Kitchen,2019-05-30 13:56:25.073-07,2019-08-08 12:00:56.386-07,https://www.ign.com/articles/2019/08/08/the-kitchen-review,5.5
293,The Legend of Zelda: Link's Awakening,Zelda: Link's Awakening,2019-02-13 14:36:26.995-08,2019-10-07 15:21:37.655-07,https://www.ign.com/articles/2019/09/19/the-legend-of-zelda-links-awakening-review,9.4
294,The Lighthouse,The Lighthouse,2019-08-13 12:05:54.385-07,2019-10-04 17:27:03.082-07,https://www.ign.com/articles/2019/09/11/the-lighthouse-review-robert-pattinson,8.0
295,The Little Drummer Girl,,2018-08-21 13:59:04.386-07,2018-10-08 10:34:31.363-07,https://www.ign.com/articles/2018/11/22/amcs-the-little-drummer-girl-review,8.2
296,The Lodge,The Lodge,2019-07-30 16:12:46.182-07,2020-02-06 13:13:59.688-08,https://www.ign.com/articles/2020/02/06/the-lodge-review,6.0
297,The Man Who Killed Hitler and Then The Bigfoot,The Man Who Killed Hitler and Then The Bigfoot,2019-02-01 12:42:29.975-08,2019-02-07 15:41:46.104-08,https://www.ign.com/articles/2019/02/05/the-man-who-killed-hitler-and-then-the-bigfoot-review,7.8
298,The Night Comes For Us,The Night Comes For Us,2018-10-26 15:14:24.858-07,2018-10-26 16:02:56.081-07,https://www.ign.com/articles/2018/10/26/netflixs-the-night-comes-for-us-review,9.0
299,The Outer Worlds,The Outer Worlds,2018-12-06 16:37:48.083-08,2019-11-04 18:01:57.816-08,https://www.ign.com/articles/2019/10/22/the-outer-worlds-review,8.5
300,The Outsider,The Outsider,2018-12-03 10:35:04.254-08,2020-01-12 23:10:47.984-08,https://www.ign.com/articles/2020/01/20/the-outsider-episode-3-dark-uncle-review,9.0
301,The Perfection,The Perfection,2019-04-15 09:07:29.169-07,2019-05-23 11:41:45.09-07,https://www.ign.com/articles/2019/05/23/the-perfection-netflix-allison-williams-movie,7.3
302,The Silence,The Silence,2019-03-27 15:41:33.92-07,2019-05-26 11:28:05.412-07,https://www.ign.com/articles/2019/04/10/netflixs-the-silence-review,5.0
303,The Society,The Society,2019-03-28 09:46:44.698-07,2019-05-12 17:10:51.322-07,https://www.ign.com/articles/2019/05/10/netflixs-the-society-season-1-review,8.8
304,The Spy [Netflix],The Spy,2018-04-11 11:37:23.459-07,2019-09-09 16:21:38.606-07,https://www.ign.com/articles/2019/09/09/netflix-the-spy-review-sacha-baron-cohen-miniseries-eli-cohen,8.0
305,The Toys That Made Us,The Toys That Made Us,2019-07-18 16:25:38.018-07,2019-07-18 16:28:55.133-07,https://www.ign.com/articles/2019/11/15/netflixs-the-toys-that-made-us-season-3-review,8.3
306,The World According to Jeff Goldblum,The World According to Jeff Goldblum,2018-07-25 17:20:34.693-07,2019-11-13 09:13:19.328-08,https://www.ign.com/articles/2019/11/08/disney-plus-the-world-according-to-jeff-goldblum-review,7.6
307,They Shall Not Grow Old,They Shall Not Grow Old,2018-12-11 14:51:02.633-08,2018-12-18 10:30:48.483-08,https://www.ign.com/articles/2018/12/18/peter-jacksons-they-shall-not-grow-old-review,7.5
308,Tigers Are Not Afraid,Tigers Are Not Afraid,2019-08-22 12:53:10.748-07,2019-09-16 13:21:26.382-07,https://www.ign.com/articles/2019/09/16/tigers-are-not-afraid-review,9.5
309,Tokyo Ghoul S,Tokyo Ghoul S,2019-07-15 15:49:06.069-07,2019-08-15 12:36:05.182-07,https://www.ign.com/articles/2019/09/13/tokyo-ghoul-s-movie-review,6.5
310,Tom Clancy's Ghost Recon Breakpoint,Ghost Recon Breakpoint,2019-05-08 13:41:17.209-07,2019-11-27 10:12:58.201-08,https://www.ign.com/articles/2019/10/10/tom-clancys-ghost-recon-breakpoint-review,6.0
311,Transformers [2019],Transformers,2019-03-04 10:33:14.784-08,2019-03-04 10:35:44.674-08,https://www.ign.com/articles/2019/03/13/a-promising-new-era-begins-for-the-transformers-franchise-transformers-1-review,7.5
312,Trine 4: The Nightmare Prince,Trine 4,2018-10-24 11:06:37.508-07,2019-10-28 23:45:20.059-07,https://www.ign.com/articles/2019/10/07/trine-4-the-nightmare-prince-review,8.5
313,Truth Be Told [2019],Truth Be Told,2019-03-25 15:54:58.765-07,2019-11-26 20:21:09.78-08,https://www.ign.com/articles/2019/12/08/truth-be-told-review-apple-tv-plus-episode-1-2-3,4.8
314,Turn Up Charlie,Turn Up Charlie,2018-06-27 06:43:55.643-07,2019-01-03 06:35:02.544-08,https://www.ign.com/articles/2019/03/18/netflixs-turn-up-charlie-season-1-review-idris-elba-dj,6.8
315,Ultraman,Ultraman,2019-03-28 10:36:14.279-07,2019-05-27 10:37:34.618-07,https://www.ign.com/articles/2019/04/03/netflixs-ultraman-season-1-review,7.8
316,Uncanny X-Men [2018 - Current],Uncanny X-Men,2018-11-12 11:17:12.66-08,2019-01-16 10:47:26.897-08,https://www.ign.com/articles/2018/11/29/marvels-uncanny-x-men-relaunch-keeps-getting-worse-uncanny-x-men-3-review,3.8
317,Uncut Gems,Uncut Gems,2019-09-24 09:59:45.095-07,2019-12-24 12:04:34.286-08,https://www.ign.com/articles/2019/12/24/uncut-gems-review,9.3
318,Underwater,Underwater,2019-05-07 13:47:59.898-07,2020-01-08 13:55:10.392-08,https://www.ign.com/articles/2020/01/07/underwater-review,6.0
319,Unicorn Store,Unicorn Store,2019-03-22 10:34:28.442-07,2019-05-24 14:34:53.043-07,https://www.ign.com/articles/2019/04/05/netflixs-unicorn-store-review-brie-larson-samuel-l-jackson,4.3
320,United We Fan,United We Fan,2018-11-02 14:12:47.035-07,2018-12-03 11:53:23.274-08,https://www.ign.com/articles/2018/12/03/united-we-fan-documentary-review,7.4
321,Vader Immortal: A Star Wars VR Series -- Episode III,Star Wars: Vader Immortal: Episode 3,2019-10-31 14:15:46.137-07,2019-11-25 14:30:06.156-08,https://www.ign.com/articles/2019/11/25/vader-immortal-a-star-wars-vr-series-episode-3-review,5.0
322,Velvet Buzzsaw,Velvet Buzzsaw,2019-01-10 07:05:29.002-08,2019-02-07 15:30:30.66-08,https://www.ign.com/articles/2019/02/01/netflixs-velvet-buzzsaw-review,7.5
323,Venom Annual [2018 - Current],Venom Annual,2018-10-16 21:38:35.776-07,2018-10-16 21:39:10.373-07,https://www.ign.com/articles/2018/10/17/marvel-celebrates-venoms-colorful-history-venom-annual-1-review,7.7
324,War Of The Realms,War Of The Realms,2019-04-03 05:35:53.118-07,2019-04-03 05:38:48.418-07,https://www.ign.com/articles/2019/05/01/marvels-war-of-the-realms-grows-even-more-zany-war-of-the-realms-3-review,7.9
325,War Of The Realms Strikeforce: The Land Of Giants,War Of The Realms Strikeforce: The Land Of Giants,2019-05-21 13:57:22.118-07,2019-05-21 13:58:21.235-07,https://www.ign.com/articles/2019/05/22/spider-man-shines-in-new-war-of-the-realms-spinoff-war-of-the-realms-strikeforce-the-land-of-giants-1-review,8.2
326,Warcraft III: Reforged,Warcraft 3: Reforged,2018-11-02 12:57:21.389-07,2020-02-06 11:19:22.632-08,https://www.ign.com/articles/2020/02/05/warcraft-3-reforged-review,7.0
327,Warhammer: Chaosbane,Warhammer: Chaosbane,2018-12-11 14:41:33.495-08,2019-07-26 16:45:34.758-07,https://www.ign.com/articles/2019/05/31/warhammer-chaosbane-review,8.7
328,Warrior [Cinemax],Warrior,2019-01-02 13:01:01.838-08,2019-04-10 22:11:11.298-07,https://www.ign.com/articles/2019/04/05/cinemaxs-warrior-series-premiere-review-for-bruce-lees-martial-arts-drama,8.0
329,Watership Down [Netflix],Watership Down,2018-12-04 14:22:05.863-08,2018-12-23 14:00:37.738-08,https://www.ign.com/articles/2018/12/23/watership-down-review-netflix-bbc,7.5
330,Web Of Venom: Ve'Nam,Web Of Venom: Ve'Nam,2018-08-28 10:40:58.099-07,2018-08-28 10:41:40.352-07,https://www.ign.com/articles/2018/08/29/venom-has-a-crazy-vietnam-flashback-web-of-venom-venam-1-review,7.6
331,What Did Jack Do?,What Did Jack Do?,2020-01-21 11:13:20.93-08,2020-01-21 22:25:51.53-08,https://www.ign.com/articles/2020/01/21/what-did-jack-do-review-david-lynch-netflix-movie-monkey,9.0
332,What/If [Netflix],What/If,2018-08-17 11:17:54.105-07,2019-05-24 10:21:17.372-07,https://www.ign.com/articles/2019/05/24/netflixs-whatif-season-1-review,6.9
333,Who Is America?,Who Is America,2018-07-09 10:27:47.475-07,2018-07-16 12:09:26.915-07,https://www.ign.com/articles/2018/07/16/sacha-baron-cohens-who-is-america-season-1-episode-1-review,7.0
334,Wonder Comics: Wonder Twins,Wonder Twins,2018-10-08 17:31:46.548-07,2019-02-11 12:02:53.827-08,https://www.ign.com/articles/2019/02/13/dcs-wonder-twins-reboots-an-old-classic-wonder-twins-1-review,8.5
335,Wonder Woman: Bloodlines,Wonder Woman: Bloodlines,2019-08-06 17:48:32.579-07,2019-10-17 03:04:14.857-07,https://www.ign.com/articles/2019/10/04/wonder-woman-bloodlines-review,6.5
336,WRC 8,WRC 8,2019-01-24 16:17:49.699-08,2019-11-19 11:22:10.678-08,https://www.ign.com/articles/2019/09/16/wrc-8-review,8.4
337,Wrinkles the Clown,Wrinkles the Clown,2019-08-01 14:25:39.666-07,2019-09-27 16:51:53.036-07,https://www.ign.com/articles/2019/09/26/wrinkles-the-clown-review,5.0
338,Wu Assassins,Wu Assassins,2018-06-29 12:18:17.36-07,2019-08-12 15:30:05.867-07,https://www.ign.com/articles/2019/08/12/netflixs-wu-assassins-season-1-review,7.0
339,Wu-Tang: An American Saga,,2019-08-30 13:34:28.441-07,2019-09-04 14:06:55.034-07,https://www.ign.com/articles/2019/09/04/hulus-wu-tang-an-american-saga-review,8.4
340,WWE 2K20,WWE 2K20,2019-07-31 14:30:53.033-07,2019-10-22 19:22:47.368-07,https://www.ign.com/articles/2019/10/23/wwe-2k20-review,4.3
341,X-Men [2019],X-Men,2019-10-14 12:34:18.253-07,2019-10-14 12:35:53.904-07,https://www.ign.com/articles/2019/10/15/marvels-dawn-of-x-relaunch-x-men-1-review,8.2
342,Yardie,Yardie,2019-03-14 11:34:32.895-07,2019-03-14 11:46:21.879-07,https://www.ign.com/articles/2019/03/14/yardie-review,7.6
343,Yesterday,Yesterday,2019-02-12 11:30:19.276-08,2019-06-26 13:50:56.594-07,https://www.ign.com/articles/2019/06/26/yesterday-review-beatles-movie-danny-boyle,8.0
344,Yooka-Laylee and the Impossible Lair,Yooka-Laylee and the Impossible Lair,2019-06-07 08:38:14.181-07,2019-10-07 13:38:31.736-07,https://www.ign.com/articles/2019/10/03/yooka-laylee-and-the-impossible-lair-review,8.7
345,You [Netflix],You,2018-04-10 17:46:02.154-07,2019-12-26 16:35:00.179-08,https://www.ign.com/articles/2019/01/12/you-season-1-review,8.4
346,Young Justice [2019],Young Justice,2018-10-08 17:31:45.074-07,2019-01-07 12:30:07.75-08,https://www.ign.com/articles/2019/01/09/the-future-is-looking-up-for-dcs-teen-heroes-young-justice-1-review,8.1
347,Zombie Army 4: Dead War,Zombie Army 4,2019-06-09 12:13:52.648-07,2020-02-03 14:04:44.712-08,https://www.ign.com/articles/2020/02/03/zombie-army-4-dead-war-review,7.0
